2020-01-31 12:15:38.139795	84.94623655913979	True
2020-01-31 12:17:38.173246	84.94623655913979	True
2020-01-31 12:19:38.275919	86.02150537634408	True
2020-01-31 12:21:38.344927	87.09677419354838	True
2020-01-31 12:23:38.372873	87.09677419354838	True
2020-01-31 12:25:38.478341	88.17204301075269	True
2020-01-31 12:27:38.585415	88.17204301075269	True
2020-01-31 12:29:38.692754	89.24731182795699	True
2020-01-31 12:31:38.799774	89.24731182795699	True
2020-01-31 12:33:38.823819	90.3225806451613	True
2020-01-31 13:01:27.711914	88.17204301075269	False
2020-01-31 13:03:27.821631	87.09677419354838	False
2020-01-31 13:05:27.931270	86.02150537634408	False
2020-01-31 14:22:14.864085	84.94623655913979	True
2020-01-31 14:24:14.971739	86.02150537634408	True
2020-01-31 14:26:15.078436	87.09677419354838	True
2020-01-31 14:28:15.186230	87.09677419354838	True
2020-01-31 14:30:15.266741	88.17204301075269	True
2020-01-31 14:32:15.374835	89.24731182795699	False
2020-01-31 14:34:15.482242	87.09677419354838	False
2020-01-31 14:36:15.590850	84.94623655913979	False
2020-01-31 14:38:15.697487	82.79569892473118	False
2020-01-31 14:40:15.805376	79.56989247311827	False
2020-01-31 14:42:15.913591	77.41935483870968	False
2020-01-31 14:44:15.951016	75.26881720430107	False
2020-01-31 14:46:16.023434	73.11827956989248	False
2020-01-31 14:48:16.131704	70.96774193548387	False
2020-01-31 14:50:16.238660	68.81720430107526	False
2020-01-31 14:52:16.346379	66.66666666666667	False
2020-01-31 14:54:16.392239	63.44086021505376	False
2020-01-31 15:51:46.138194	54.83870967741935	True
2020-01-31 15:53:46.242649	58.064516129032256	True
2020-01-31 15:55:46.347675	60.215053763440864	True
2020-01-31 15:57:46.455720	62.365591397849464	True
2020-01-31 15:59:46.563826	64.51612903225806	True
2020-01-31 16:01:46.670760	66.66666666666667	True
2020-01-31 16:03:46.778151	68.81720430107526	True
2020-01-31 16:05:46.886295	70.96774193548387	True
2020-01-31 16:07:46.991500	72.04301075268818	True
2020-01-31 16:09:47.098538	74.19354838709677	True
2020-01-31 16:11:47.198302	75.26881720430107	True
2020-01-31 16:13:47.295690	76.34408602150538	True
2020-01-31 16:15:52.089855	78.49462365591398	True
2020-01-31 17:19:16.009374	78.49462365591398	False
2020-01-31 17:21:16.120324	77.41935483870968	False
2020-01-31 17:23:16.228370	75.26881720430107	False
2020-01-31 17:25:16.267121	74.19354838709677	False
2020-01-31 17:27:16.376750	73.11827956989248	False
2020-01-31 17:29:16.431563	70.96774193548387	False
2020-01-31 17:31:16.523745	69.89247311827957	False
2020-01-31 18:03:51.174800	69.89247311827957	True
2020-01-31 18:05:51.283951	72.04301075268818	True
2020-01-31 18:07:51.390630	73.11827956989248	True
2020-01-31 18:09:51.446512	75.26881720430107	True
2020-01-31 18:11:51.553730	76.34408602150538	True
2020-01-31 18:13:51.574628	77.41935483870968	True
2020-01-31 18:15:51.682905	78.49462365591398	True
2020-01-31 18:17:51.790473	80.64516129032258	True
2020-01-31 18:19:51.877372	81.72043010752688	True
2020-01-31 18:21:51.893996	82.79569892473118	True
2020-01-31 18:23:51.985782	83.87096774193549	True
2020-01-31 18:25:52.094851	83.87096774193549	True
2020-01-31 18:27:52.202135	84.94623655913979	True
2020-01-31 18:29:52.307218	86.02150537634408	True
2020-01-31 18:31:52.353804	87.09677419354838	True
2020-01-31 18:33:52.461820	88.17204301075269	True
2020-01-31 18:35:52.569297	88.17204301075269	True
2020-01-31 18:37:52.676511	89.24731182795699	True
2020-01-31 18:39:52.783521	90.3225806451613	True
2020-01-31 18:41:52.793897	90.3225806451613	True
2020-01-31 18:43:52.901263	91.39784946236558	True
2020-01-31 18:45:53.008913	91.39784946236558	True
2020-01-31 18:47:53.117544	91.39784946236558	True
2020-01-31 18:49:53.224224	92.47311827956989	True
2020-01-31 18:51:53.313540	92.47311827956989	True
2020-01-31 18:53:53.413706	93.54838709677419	True
2020-01-31 18:55:53.519674	93.54838709677419	True
2020-01-31 18:57:53.625130	93.54838709677419	True
2020-01-31 18:59:53.718840	94.6236559139785	True
2020-01-31 19:01:53.825881	94.6236559139785	True
2020-01-31 19:03:53.932820	94.6236559139785	True
2020-01-31 19:05:54.040356	94.6236559139785	True
2020-01-31 19:07:54.146473	95.6989247311828	True
2020-01-31 19:09:54.169800	95.6989247311828	True
2020-01-31 19:11:54.275522	94.6236559139785	False
2020-01-31 19:13:54.382725	92.47311827956989	False
2020-01-31 19:15:54.494168	90.3225806451613	False
2020-01-31 19:17:54.603820	88.17204301075269	False
2020-01-31 19:19:54.713009	87.09677419354838	False
2020-01-31 19:21:54.822914	86.02150537634408	False
2020-01-31 19:23:54.934229	83.87096774193549	False
2020-01-31 19:25:55.019680	82.79569892473118	False
2020-01-31 19:27:55.032245	81.72043010752688	False
2020-01-31 19:29:55.142458	80.64516129032258	False
2020-01-31 19:31:55.248674	78.49462365591398	False
2020-01-31 19:33:55.356277	77.41935483870968	False
2020-01-31 19:35:55.465697	76.34408602150538	False
2020-01-31 19:37:55.571454	74.19354838709677	False
2020-01-31 19:39:55.592161	73.11827956989248	False
2020-01-31 20:17:50.302103	72.04301075268818	False
2020-01-31 20:19:50.407322	70.96774193548387	False
2020-01-31 20:21:50.507888	68.81720430107526	False
2020-01-31 20:23:50.552514	67.74193548387096	False
2020-01-31 20:25:50.662406	66.66666666666667	False
2020-01-31 20:27:50.771532	64.51612903225806	False
2020-01-31 20:29:50.881140	63.44086021505376	False
2020-01-31 20:31:50.991042	62.365591397849464	False
2020-01-31 20:33:51.100307	61.29032258064516	False
2020-01-31 20:35:51.131242	59.13978494623656	False
2020-01-31 20:37:51.241165	58.064516129032256	False
2020-01-31 20:39:51.349710	56.98924731182796	False
2020-01-31 20:41:51.454770	54.83870967741935	False
2020-01-31 20:43:51.512653	53.763440860215056	False
2020-01-31 20:45:51.620598	52.68817204301075	False
2020-01-31 20:47:51.730847	51.61290322580645	False
2020-01-31 20:49:51.837317	49.46236559139785	False
2020-01-31 20:51:51.946574	48.38709677419355	False
2020-01-31 20:53:52.053386	46.236559139784944	False
2020-01-31 20:55:52.161800	45.16129032258065	False
2020-01-31 20:57:52.238715	44.086021505376344	False
2020-01-31 20:59:52.344694	41.935483870967744	False
2020-01-31 21:01:52.452684	40.86021505376344	False
2020-01-31 21:03:52.528496	39.784946236559136	False
2020-01-31 21:05:52.600616	38.70967741935484	False
2020-01-31 21:07:52.719100	37.634408602150536	False
2020-01-31 21:09:52.829164	36.55913978494624	False
2020-01-31 21:40:16.050650	35.483870967741936	False
2020-02-01 12:35:52.135992	100.0	True
2020-02-01 14:53:36.288980	100.0	False
2020-02-01 14:55:36.326009	100.0	False
2020-02-01 15:37:12.630630	100.0	False
2020-02-01 15:39:12.741902	94.6236559139785	False
2020-02-01 15:41:12.851222	92.47311827956989	False
2020-02-01 15:43:12.918097	91.39784946236558	False
2020-02-01 15:45:12.959348	90.3225806451613	False
2020-02-01 15:47:13.066028	88.17204301075269	False
2020-02-01 15:49:13.175534	87.09677419354838	False
2020-02-01 15:51:13.282706	86.02150537634408	False
2020-02-01 15:53:13.302047	84.94623655913979	False
2020-02-01 15:55:13.392806	82.79569892473118	False
2020-02-01 15:57:13.503087	81.72043010752688	False
2020-02-01 15:59:13.620145	80.64516129032258	False
2020-02-01 16:01:13.637871	78.49462365591398	False
2020-02-01 16:03:13.747675	77.41935483870968	False
2020-02-01 16:05:13.806643	76.34408602150538	False
2020-02-01 16:07:13.847264	74.19354838709677	False
2020-02-01 16:09:13.926152	73.11827956989248	False
2020-02-01 16:11:14.036526	72.04301075268818	False
2020-02-01 16:13:14.145640	70.96774193548387	False
2020-02-01 16:15:14.215195	68.81720430107526	False
2020-02-01 16:17:14.245876	67.74193548387096	False
2020-02-01 16:19:14.355932	66.66666666666667	False
2020-02-01 16:21:14.465340	65.59139784946237	False
2020-02-01 16:23:14.575619	64.51612903225806	False
2020-02-01 16:25:14.652149	63.44086021505376	False
2020-02-01 16:27:14.710190	62.365591397849464	False
2020-02-01 16:29:14.819172	61.29032258064516	False
2020-02-01 16:31:14.918124	60.215053763440864	False
2020-02-01 16:33:14.950281	59.13978494623656	False
2020-02-01 16:35:15.045980	56.98924731182796	False
2020-02-01 16:37:15.102219	55.913978494623656	False
2020-02-01 16:39:15.183127	54.83870967741935	False
2020-02-01 16:41:15.245096	52.68817204301075	False
2020-02-01 16:43:15.354277	51.61290322580645	False
2020-02-01 16:45:15.462752	50.53763440860215	False
2020-02-01 16:47:15.472268	48.38709677419355	False
2020-02-01 16:49:15.578697	47.31182795698925	False
2020-02-01 16:51:15.688142	45.16129032258065	False
2020-02-01 16:53:15.797561	44.086021505376344	False
2020-02-01 16:55:15.907511	41.935483870967744	False
2020-02-01 16:57:16.015749	40.86021505376344	False
2020-02-01 16:59:16.124941	38.70967741935484	False
2020-02-01 17:01:16.234854	37.634408602150536	False
2020-02-01 17:03:16.343954	36.55913978494624	False
2020-02-01 17:05:16.450903	34.40860215053763	False
2020-02-01 17:07:16.560697	33.333333333333336	False
2020-02-01 17:09:16.668861	31.182795698924732	False
2020-02-01 17:11:16.777895	30.107526881720432	False
2020-02-01 17:13:16.829347	29.032258064516128	False
2020-02-01 17:15:16.848061	26.881720430107528	False
2020-02-01 17:17:16.957189	25.806451612903224	False
2020-02-01 17:19:17.068185	23.655913978494624	False
2020-02-01 17:21:17.134659	22.580645161290324	False
2020-02-01 17:23:17.242667	20.43010752688172	
2020-02-01 17:25:17.349572	24.731182795698924	True
2020-02-01 17:27:17.458029	29.032258064516128	True
2020-02-01 17:29:17.565229	33.333333333333336	True
2020-02-01 17:31:17.673742	36.55913978494624	True
2020-02-01 17:33:17.782390	40.86021505376344	True
2020-02-01 17:35:17.891306	44.086021505376344	True
2020-02-01 17:37:17.998015	47.31182795698925	True
2020-02-01 17:39:18.105210	51.61290322580645	True
2020-02-01 17:41:18.128967	52.68817204301075	True
2020-02-01 17:43:18.236063	55.913978494623656	True
2020-02-01 17:45:18.340259	59.13978494623656	True
2020-02-01 17:47:18.415005	61.29032258064516	True
2020-02-01 17:49:18.522900	64.51612903225806	True
2020-02-01 17:51:18.630760	66.66666666666667	True
2020-02-01 17:53:18.737765	68.81720430107526	True
2020-02-01 17:55:18.845112	70.96774193548387	True
2020-02-01 17:57:18.953500	73.11827956989248	True
2020-02-01 17:59:19.059170	75.26881720430107	True
2020-02-01 18:01:19.164477	77.41935483870968	True
2020-02-01 18:03:19.272475	79.56989247311827	True
2020-02-01 18:05:19.377857	80.64516129032258	True
2020-02-01 18:07:19.484868	82.79569892473118	True
2020-02-01 18:09:19.589719	83.87096774193549	True
2020-02-01 18:11:19.696991	84.94623655913979	True
2020-02-01 18:13:19.804128	87.09677419354838	True
2020-02-01 18:15:19.908423	88.17204301075269	True
2020-02-01 18:17:20.014118	89.24731182795699	True
2020-02-01 18:19:20.121105	90.3225806451613	True
2020-02-01 18:21:20.229476	91.39784946236558	True
2020-02-01 18:23:20.336655	91.39784946236558	True
2020-02-01 18:25:20.445979	92.47311827956989	True
2020-02-01 18:27:20.554234	93.54838709677419	True
2020-02-01 18:29:20.662059	93.54838709677419	True
2020-02-01 18:31:20.694641	94.6236559139785	True
2020-02-01 18:33:20.801982	95.6989247311828	True
2020-02-01 18:35:20.910587	95.6989247311828	True
2020-02-01 18:37:20.979565	96.7741935483871	True
2020-02-01 18:39:21.084073	96.7741935483871	True
2020-02-01 18:41:21.188952	97.84946236559139	True
2020-02-01 18:43:21.296187	97.84946236559139	True
2020-02-01 18:45:21.400669	98.9247311827957	True
2020-02-01 18:47:21.504718	98.9247311827957	True
2020-02-01 18:49:21.613156	98.9247311827957	True
2020-02-01 18:51:21.720344	98.9247311827957	True
2020-02-01 18:53:21.741815	98.9247311827957	True
2020-02-01 18:55:21.855356	98.9247311827957	True
2020-02-01 18:57:21.960197	98.9247311827957	True
2020-02-01 18:59:22.065591	98.9247311827957	True
2020-02-01 19:01:22.178793	98.9247311827957	True
2020-02-01 19:03:22.286143	98.9247311827957	True
2020-02-01 19:05:22.393460	98.9247311827957	True
2020-02-01 19:07:22.505717	98.9247311827957	True
2020-02-01 19:09:22.611820	98.9247311827957	True
2020-02-01 19:11:22.716613	98.9247311827957	True
2020-02-01 19:13:22.824120	98.9247311827957	True
2020-02-01 19:15:22.929216	98.9247311827957	True
2020-02-01 19:17:23.036935	100.0	True
2020-02-01 19:19:23.145668	100.0	True
2020-02-01 19:21:23.252776	100.0	True
2020-02-01 19:23:23.357093	100.0	True
2020-02-01 19:25:23.474078	100.0	True
2020-02-01 19:27:23.580826	100.0	True
2020-02-01 19:29:23.688503	100.0	True
2020-02-01 19:31:23.796614	100.0	True
2020-02-01 19:33:23.901639	100.0	True
2020-02-01 19:35:24.009903	100.0	True
2020-02-01 19:37:24.120979	100.0	True
2020-02-01 19:39:24.229501	100.0	True
2020-02-01 19:41:24.336448	100.0	True
2020-02-01 19:43:24.441474	100.0	True
2020-02-01 19:45:24.504189	100.0	True
2020-02-01 19:47:24.608849	100.0	True
2020-02-01 19:49:24.713520	100.0	True
2020-02-01 19:51:24.820993	100.0	True
2020-02-01 19:53:24.928638	100.0	True
2020-02-01 19:55:25.032453	100.0	True
2020-02-01 19:57:25.137375	100.0	True
2020-02-01 19:59:25.244361	100.0	True
2020-02-01 20:01:25.353937	100.0	True
2020-02-01 20:03:25.460582	100.0	True
2020-02-01 20:05:25.564588	100.0	True
2020-02-01 20:07:25.673651	100.0	True
2020-02-01 20:09:25.780736	100.0	True
2020-02-01 20:11:25.884674	100.0	True
2020-02-01 20:13:25.991133	100.0	True
2020-02-01 20:15:26.096810	100.0	True
2020-02-01 20:17:26.200304	100.0	True
2020-02-01 20:19:26.307877	100.0	True
2020-02-01 20:21:26.412896	100.0	True
2020-02-01 20:23:26.517044	100.0	True
2020-02-01 20:25:26.630566	100.0	True
2020-02-01 20:27:26.736723	100.0	True
2020-02-01 20:29:26.841020	100.0	True
2020-02-01 20:31:26.949188	100.0	True
2020-02-01 20:33:27.057299	100.0	True
2020-02-01 20:35:27.164772	100.0	True
2020-02-01 20:37:27.270455	100.0	True
2020-02-01 20:39:27.377455	100.0	True
2020-02-01 20:41:27.486377	100.0	True
2020-02-01 20:43:27.593510	100.0	True
2020-02-01 20:45:27.610829	100.0	True
2020-02-01 23:39:37.953254	100.0	False
2020-02-01 23:41:38.039429	100.0	False
2020-02-01 23:43:38.149413	100.0	False
2020-02-01 23:45:38.259395	100.0	False
2020-02-02 11:36:08.439681	87.09677419354838	False
2020-02-02 11:38:08.547628	84.94623655913979	False
2020-02-02 11:40:08.656043	82.79569892473118	False
2020-02-02 11:42:08.763185	81.72043010752688	False
2020-02-02 11:44:08.873459	79.56989247311827	False
2020-02-02 11:46:08.979973	78.49462365591398	False
2020-02-02 11:48:09.088359	76.34408602150538	False
2020-02-02 11:50:09.196548	74.19354838709677	False
2020-02-02 11:52:09.304404	73.11827956989248	False
2020-02-02 11:54:09.414391	70.96774193548387	False
2020-02-02 11:56:09.476735	68.81720430107526	False
2020-02-02 11:58:09.584188	67.74193548387096	False
2020-02-02 12:00:09.603314	65.59139784946237	False
2020-02-02 12:43:43.937875	63.44086021505376	False
2020-02-02 12:45:44.050039	62.365591397849464	False
2020-02-02 16:13:51.998479	51.61290322580645	False
2020-02-02 17:33:30.422973	48.38709677419355	False
2020-02-02 17:35:30.442197	47.31182795698925	False
2020-02-02 17:57:45.599255	44.086021505376344	False
2020-02-02 17:59:45.670163	43.01075268817204	False
2020-02-03 08:06:27.043754	33.333333333333336	True
2020-02-03 08:08:27.149130	36.55913978494624	True
2020-02-03 08:10:46.167549	40.86021505376344	True
2020-02-03 08:26:18.744035	65.59139784946237	True
2020-02-03 08:28:18.851678	68.81720430107526	True
2020-02-03 08:30:18.950740	70.96774193548387	True
2020-02-03 08:32:19.056411	73.11827956989248	True
2020-02-03 08:34:19.119497	76.34408602150538	True
2020-02-03 08:36:19.227245	78.49462365591398	True
2020-02-03 08:38:19.335214	80.64516129032258	True
2020-02-03 08:40:19.443041	82.79569892473118	True
2020-02-03 08:42:19.550113	84.94623655913979	True
2020-02-03 08:44:19.643847	86.02150537634408	True
2020-02-03 08:46:19.751211	88.17204301075269	True
2020-02-03 08:48:19.858712	90.3225806451613	True
2020-02-03 08:50:19.963662	91.39784946236558	True
2020-02-03 08:54:24.549192	90.3225806451613	False
2020-02-03 08:56:24.609032	89.24731182795699	False
2020-02-03 08:58:24.718700	88.17204301075269	False
2020-02-03 09:00:24.824577	86.02150537634408	False
2020-02-03 09:02:24.933745	84.94623655913979	False
2020-02-03 09:04:25.043843	83.87096774193549	False
2020-02-03 09:06:25.095966	82.79569892473118	False
2020-02-03 09:08:25.205793	80.64516129032258	False
2020-02-03 09:10:25.311800	79.56989247311827	False
2020-02-03 09:12:25.421498	78.49462365591398	False
2020-02-03 09:14:25.527996	76.34408602150538	False
2020-02-03 09:16:25.634365	75.26881720430107	False
2020-02-03 09:18:25.742067	73.11827956989248	False
2020-02-03 09:20:25.848226	70.96774193548387	False
2020-02-03 09:22:25.956068	68.81720430107526	False
2020-02-03 09:24:26.063444	66.66666666666667	False
2020-02-03 09:26:26.173531	64.51612903225806	False
2020-02-03 09:28:26.183819	61.29032258064516	False
2020-02-03 09:30:26.291157	59.13978494623656	False
2020-02-03 09:32:26.401817	58.064516129032256	False
2020-02-03 09:34:26.510248	55.913978494623656	False
2020-02-03 09:36:26.615179	53.763440860215056	False
2020-02-03 09:52:19.947013	52.68817204301075	True
2020-02-03 09:54:20.053818	55.913978494623656	True
2020-02-03 09:56:20.159295	59.13978494623656	True
2020-02-03 09:58:20.262315	62.365591397849464	True
2020-02-03 10:00:20.370090	65.59139784946237	True
2020-02-03 10:02:20.392770	68.81720430107526	True
2020-02-03 10:04:20.498971	70.96774193548387	True
2020-02-03 10:06:20.538012	74.19354838709677	True
2020-02-03 15:16:22.770468	98.9247311827957	False
2020-02-03 15:18:22.809699	98.9247311827957	False
2020-02-03 15:20:22.917055	98.9247311827957	False
2020-02-03 15:22:23.027771	98.9247311827957	False
2020-02-03 15:24:23.131924	98.9247311827957	False
2020-02-03 15:26:23.201676	98.9247311827957	False
2020-02-03 15:28:23.311581	97.84946236559139	False
2020-02-03 15:30:23.420817	96.7741935483871	False
2020-02-03 15:32:23.529406	95.6989247311828	False
2020-02-03 15:34:23.638750	94.6236559139785	False
2020-02-03 15:36:23.748243	93.54838709677419	False
2020-02-03 15:38:23.858188	93.54838709677419	False
2020-02-03 15:40:23.965052	92.47311827956989	False
2020-02-03 15:42:24.074700	91.39784946236558	False
2020-02-03 15:44:24.184072	91.39784946236558	False
2020-02-03 15:46:24.293668	90.3225806451613	False
2020-02-03 18:29:57.650070	88.17204301075269	False
2020-02-03 18:51:42.927919	86.02150537634408	False
2020-02-03 18:53:43.013912	84.94623655913979	False
2020-02-03 18:55:43.123888	83.87096774193549	False
2020-02-03 18:57:43.234103	82.79569892473118	False
2020-02-03 18:59:43.306503	81.72043010752688	False
2020-02-03 19:02:58.564527	80.64516129032258	False
2020-02-03 19:04:58.673581	78.49462365591398	False
2020-02-03 19:06:58.780355	77.41935483870968	False
2020-02-03 19:08:58.890621	75.26881720430107	False
2020-02-03 19:10:58.908530	74.19354838709677	False
2020-02-03 19:12:59.016892	73.11827956989248	False
2020-02-03 19:14:59.039872	70.96774193548387	False
2020-02-03 19:16:59.150459	69.89247311827957	False
2020-02-03 19:18:59.260292	67.74193548387096	False
2020-02-03 19:20:59.370935	66.66666666666667	False
2020-02-03 19:22:59.425756	65.59139784946237	False
2020-02-03 19:24:59.532953	63.44086021505376	False
2020-02-03 19:26:59.632694	62.365591397849464	False
2020-02-03 19:28:59.741235	60.215053763440864	False
2020-02-03 19:30:59.785607	59.13978494623656	False
2020-02-03 19:32:59.841890	56.98924731182796	False
2020-02-03 19:34:59.951643	55.913978494623656	False
2020-02-03 19:37:00.060401	53.763440860215056	False
2020-02-03 19:39:00.169909	51.61290322580645	False
2020-02-03 19:41:00.280096	50.53763440860215	False
2020-02-03 19:43:00.389630	49.46236559139785	False
2020-02-03 19:45:00.497345	48.38709677419355	False
2020-02-03 19:47:00.567878	46.236559139784944	False
2020-02-03 19:49:00.643337	45.16129032258065	False
2020-02-03 19:51:00.754673	43.01075268817204	False
2020-02-03 19:53:00.862553	41.935483870967744	False
2020-02-03 19:55:00.969720	39.784946236559136	False
2020-02-03 19:57:01.076947	37.634408602150536	False
2020-02-03 19:59:01.184367	35.483870967741936	False
2020-02-03 20:01:01.293798	34.40860215053763	False
2020-02-03 20:03:01.402780	32.25806451612903	False
2020-02-03 20:05:01.508022	30.107526881720432	False
2020-02-03 20:07:01.612220	29.032258064516128	False
2020-02-03 20:09:01.718975	0.0	False
2020-02-03 20:09:48.540400	0.0	True
2020-02-03 20:11:48.646550	4.301075268817204	True
2020-02-03 20:13:48.753970	8.602150537634408	True
2020-02-03 20:15:48.866046	12.903225806451612	True
2020-02-03 20:17:48.973995	16.129032258064516	True
2020-02-03 20:19:49.081456	20.43010752688172	True
2020-02-03 20:21:49.152389	24.731182795698924	True
2020-02-03 20:23:49.258304	27.956989247311828	True
2020-02-03 20:25:49.364651	32.25806451612903	True
2020-02-03 20:27:49.470181	35.483870967741936	True
2020-02-03 20:29:49.577245	38.70967741935484	True
2020-02-03 20:31:49.640708	41.935483870967744	True
2020-02-03 20:33:49.745254	45.16129032258065	True
2020-02-03 20:35:49.849725	48.38709677419355	True
2020-02-03 20:37:49.952030	51.61290322580645	True
2020-02-03 20:39:50.012723	53.763440860215056	True
2020-02-03 20:41:50.119339	56.98924731182796	True
2020-02-03 20:43:50.224758	59.13978494623656	True
2020-02-03 20:45:50.329407	61.29032258064516	True
2020-02-03 20:47:50.437477	63.44086021505376	True
2020-02-03 20:49:50.485173	65.59139784946237	True
2020-02-03 20:51:50.589706	66.66666666666667	True
2020-02-03 20:53:50.644543	68.81720430107526	True
2020-02-03 20:55:50.741002	70.96774193548387	True
2020-02-03 20:57:50.846732	72.04301075268818	False
2020-02-03 20:59:50.955687	69.89247311827957	False
2020-02-03 21:01:51.064707	67.74193548387096	False
2020-02-03 21:03:51.171687	66.66666666666667	False
2020-02-03 21:05:51.288445	64.51612903225806	False
2020-02-03 21:07:51.303236	63.44086021505376	False
2020-02-03 21:09:51.412139	62.365591397849464	False
2020-02-03 21:11:51.519345	60.215053763440864	False
2020-02-03 21:13:51.628250	59.13978494623656	False
2020-02-03 21:15:51.736270	56.98924731182796	False
2020-02-03 21:17:51.843400	55.913978494623656	False
2020-02-03 21:19:51.951844	53.763440860215056	False
2020-02-03 21:21:52.061275	52.68817204301075	False
2020-02-03 21:23:52.172940	51.61290322580645	False
2020-02-03 21:25:52.280860	49.46236559139785	False
2020-02-03 21:27:52.389392	48.38709677419355	False
2020-02-03 21:29:52.496253	46.236559139784944	False
2020-02-03 21:31:52.603744	44.086021505376344	False
2020-02-03 21:33:52.685936	43.01075268817204	False
2020-02-03 21:35:52.795877	41.935483870967744	False
2020-02-03 21:37:52.904937	40.86021505376344	False
2020-02-03 21:39:53.014466	38.70967741935484	False
2020-02-03 21:41:53.120831	37.634408602150536	False
2020-02-03 21:43:53.227458	36.55913978494624	False
2020-02-03 21:45:53.337501	34.40860215053763	False
2020-02-03 21:47:53.351438	33.333333333333336	False
2020-02-03 21:49:53.363935	31.182795698924732	False
2020-02-03 21:51:53.474750	30.107526881720432	False
2020-02-03 21:53:53.583946	29.032258064516128	False
2020-02-03 21:55:53.693066	26.881720430107528	False
2020-02-03 21:57:53.798892	25.806451612903224	False
2020-02-03 21:59:53.862462	24.731182795698924	False
2020-02-03 22:01:53.960540	22.580645161290324	False
2020-02-03 22:08:57.042449	23.655913978494624	True
2020-02-03 22:10:57.149644	26.881720430107528	True
2020-02-03 22:12:57.254068	25.806451612903224	False
2020-02-03 22:14:57.363101	23.655913978494624	False
2020-02-03 22:16:57.416652	21.50537634408602	False
2020-02-03 22:18:57.499523	20.43010752688172	False
2020-02-04 03:20:56.582456	18.27956989247312	False
2020-02-04 03:22:56.689906	17.204301075268816	False
2020-02-04 03:24:56.797328	15.053763440860216	False
2020-02-04 03:26:56.906125	12.903225806451612	False
2020-02-04 03:28:57.014037	16.129032258064516	True
2020-02-04 03:30:57.120155	19.35483870967742	True
2020-02-04 03:32:57.230534	23.655913978494624	True
2020-02-04 03:34:57.329512	27.956989247311828	True
2020-02-04 03:36:57.436071	31.182795698924732	True
2020-02-04 03:38:57.539561	34.40860215053763	True
2020-02-04 03:40:57.644535	37.634408602150536	True
2020-02-04 03:42:57.752316	40.86021505376344	True
2020-02-04 03:44:57.864843	44.086021505376344	True
2020-02-04 03:46:57.972256	47.31182795698925	True
2020-02-04 03:48:58.080664	49.46236559139785	True
2020-02-04 03:50:58.105265	52.68817204301075	True
2020-02-04 03:52:58.211671	54.83870967741935	True
2020-02-04 03:54:58.318982	56.98924731182796	True
2020-02-04 03:56:58.426636	60.215053763440864	True
2020-02-04 03:58:58.531499	61.29032258064516	True
2020-02-04 04:00:58.635465	63.44086021505376	True
2020-02-04 04:02:58.742032	65.59139784946237	True
2020-02-04 04:04:58.848100	67.74193548387096	True
2020-02-04 04:06:58.921484	68.81720430107526	True
2020-02-04 04:08:59.027931	70.96774193548387	True
2020-02-04 04:10:59.131573	72.04301075268818	True
2020-02-04 04:12:59.236026	73.11827956989248	True
2020-02-04 04:14:59.328658	75.26881720430107	True
2020-02-04 04:16:59.436260	76.34408602150538	True
2020-02-04 04:18:59.544401	77.41935483870968	True
2020-02-04 04:20:59.652373	78.49462365591398	True
2020-02-04 04:22:59.760001	79.56989247311827	True
2020-02-04 04:24:59.863271	80.64516129032258	True
2020-02-04 04:26:59.969270	81.72043010752688	True
2020-02-04 04:29:00.075840	81.72043010752688	True
2020-02-04 04:31:00.181696	82.79569892473118	True
2020-02-04 04:33:00.195268	83.87096774193549	True
2020-02-04 04:35:00.300086	84.94623655913979	True
2020-02-04 04:37:00.403256	84.94623655913979	True
2020-02-04 04:39:00.508841	86.02150537634408	True
2020-02-04 04:41:00.615982	86.02150537634408	True
2020-02-04 04:43:00.719890	87.09677419354838	True
2020-02-04 04:45:00.825357	87.09677419354838	True
2020-02-04 04:47:00.932940	88.17204301075269	True
2020-02-04 04:49:01.039101	88.17204301075269	True
2020-02-04 04:51:01.143903	89.24731182795699	True
2020-02-04 04:53:01.247743	89.24731182795699	True
2020-02-04 04:55:01.351644	89.24731182795699	True
2020-02-04 04:57:01.456516	90.3225806451613	True
2020-02-04 04:59:01.552704	90.3225806451613	True
2020-02-04 05:01:01.660788	90.3225806451613	True
2020-02-04 05:03:01.768104	90.3225806451613	True
2020-02-04 05:05:01.871801	91.39784946236558	True
2020-02-04 05:07:01.976255	91.39784946236558	True
2020-02-04 05:09:02.083676	91.39784946236558	True
2020-02-04 05:11:02.188055	91.39784946236558	True
2020-02-04 05:13:02.291892	100.0	True
2020-02-04 05:15:02.395712	100.0	True
2020-02-04 05:17:02.504785	100.0	True
2020-02-04 05:19:02.611607	100.0	True
2020-02-04 05:21:02.716039	100.0	True
2020-02-04 05:23:02.820835	100.0	True
2020-02-04 05:25:02.928423	100.0	True
2020-02-04 05:27:03.036793	100.0	True
2020-02-04 05:29:03.145325	100.0	True
2020-02-04 05:31:03.252130	100.0	True
2020-02-04 05:33:03.360179	100.0	True
2020-02-04 05:35:03.466092	100.0	True
2020-02-04 05:37:03.571682	100.0	True
2020-02-04 05:39:03.675717	100.0	True
2020-02-04 05:41:03.780227	100.0	True
2020-02-04 05:43:03.887570	100.0	True
2020-02-04 05:45:03.992876	100.0	True
2020-02-04 05:47:04.099238	100.0	True
2020-02-04 05:49:04.204736	100.0	True
2020-02-04 05:51:04.311555	100.0	True
2020-02-04 05:53:04.415696	100.0	True
2020-02-04 05:55:04.522581	100.0	True
2020-02-04 05:57:04.627534	100.0	True
2020-02-04 05:59:04.732738	100.0	True
2020-02-04 06:01:04.840265	100.0	True
2020-02-04 06:03:04.949153	100.0	True
2020-02-04 06:05:05.056134	100.0	True
2020-02-04 06:07:05.160726	100.0	True
2020-02-04 06:09:05.267705	100.0	True
2020-02-04 06:11:05.371385	100.0	True
2020-02-04 06:13:05.475940	100.0	True
2020-02-04 06:15:05.583649	100.0	True
2020-02-04 06:17:05.689602	100.0	True
2020-02-04 06:19:05.791358	100.0	True
2020-02-04 06:21:05.896845	100.0	True
2020-02-04 06:23:06.003554	100.0	True
2020-02-04 06:25:06.109312	100.0	True
2020-02-04 06:27:06.215637	100.0	True
2020-02-04 06:29:06.293006	100.0	True
2020-02-04 06:31:06.399665	100.0	True
2020-02-04 06:33:06.504680	100.0	True
2020-02-04 06:35:06.612021	100.0	True
2020-02-04 06:37:06.715683	100.0	True
2020-02-04 06:39:06.820207	100.0	True
2020-02-04 06:41:06.929898	100.0	True
2020-02-04 06:43:07.035543	100.0	True
2020-02-04 06:45:07.139766	100.0	True
2020-02-04 06:47:07.243519	100.0	True
2020-02-04 06:49:07.348274	100.0	True
2020-02-04 06:51:07.455474	100.0	True
2020-02-04 06:53:07.561480	100.0	True
2020-02-04 06:55:07.668055	100.0	True
2020-02-04 06:57:07.775669	100.0	True
2020-02-04 06:59:07.878646	100.0	True
2020-02-04 07:01:07.984644	100.0	True
2020-02-04 07:03:08.092026	100.0	True
2020-02-04 07:05:08.199740	100.0	True
2020-02-04 07:07:08.303597	100.0	True
2020-02-04 07:09:08.408201	100.0	True
2020-02-04 07:11:08.515772	100.0	True
2020-02-04 07:13:08.619423	100.0	True
2020-02-04 07:15:08.724186	100.0	True
2020-02-04 07:17:08.830678	100.0	True
2020-02-04 07:19:08.937246	100.0	True
2020-02-04 07:21:09.044151	100.0	True
2020-02-04 07:23:09.147773	100.0	True
2020-02-04 07:25:09.251837	100.0	True
2020-02-04 07:27:09.356008	100.0	True
2020-02-04 07:29:09.460674	100.0	True
2020-02-04 07:31:09.568002	100.0	True
2020-02-04 07:33:09.672877	100.0	True
2020-02-04 07:35:09.779966	100.0	True
2020-02-04 07:37:09.883447	100.0	True
2020-02-04 07:39:09.987325	100.0	True
2020-02-04 07:41:10.091528	100.0	True
2020-02-04 07:43:10.195502	100.0	True
2020-02-04 07:45:10.300253	100.0	True
2020-02-04 07:47:10.408105	100.0	True
2020-02-04 07:49:10.512874	100.0	True
2020-02-04 07:51:10.620367	100.0	True
2020-02-04 07:53:10.727867	100.0	True
2020-02-04 07:55:10.831762	100.0	True
2020-02-04 07:57:10.936400	100.0	True
2020-02-04 07:59:11.044511	100.0	True
2020-02-04 08:01:11.146478	100.0	True
2020-02-04 08:03:11.251499	100.0	True
2020-02-04 08:05:11.330830	100.0	True
2020-02-04 08:07:11.365097	100.0	True
2020-02-04 08:09:11.472506	100.0	True
2020-02-04 08:11:11.580044	100.0	True
2020-02-04 08:13:11.640668	100.0	True
2020-02-04 08:15:11.691106	100.0	True
2020-02-04 08:17:11.798144	100.0	True
2020-02-04 08:19:11.903178	100.0	True
2020-02-04 08:21:11.915185	100.0	True
2020-02-04 08:23:12.022751	100.0	True
2020-02-04 08:25:12.065445	100.0	True
2020-02-04 08:27:12.172918	100.0	True
2020-02-04 08:29:12.280415	100.0	True
2020-02-04 08:31:12.387132	100.0	True
2020-02-04 08:33:12.483070	100.0	True
2020-02-04 08:35:12.572467	100.0	True
2020-02-04 08:37:12.598135	100.0	True
2020-02-04 08:39:12.629604	100.0	True
2020-02-04 08:41:12.736746	100.0	True
2020-02-04 08:43:12.844254	100.0	True
2020-02-04 08:45:12.891620	100.0	True
2020-02-04 08:47:12.997060	100.0	True
2020-02-04 08:49:13.056862	100.0	True
2020-02-04 08:51:13.095291	100.0	True
2020-02-04 08:53:13.111731	100.0	True
2020-02-04 08:55:13.177031	100.0	True
2020-02-04 08:57:13.284208	100.0	True
2020-02-04 08:59:13.332835	100.0	True
2020-02-04 09:01:13.341647	100.0	True
2020-02-04 09:03:13.448780	100.0	True
2020-02-04 09:05:13.554652	100.0	True
2020-02-04 09:07:13.658133	100.0	True
2020-02-04 09:09:13.765273	100.0	True
2020-02-04 09:11:13.834167	100.0	True
2020-02-04 09:13:13.943872	100.0	True
2020-02-04 09:15:14.051456	100.0	True
2020-02-04 09:17:14.144269	100.0	True
2020-02-04 09:19:14.252446	100.0	True
2020-02-04 09:21:14.275799	100.0	True
2020-02-04 09:23:14.382772	100.0	True
2020-02-04 09:25:14.390076	100.0	True
2020-02-04 09:27:14.441046	100.0	True
2020-02-04 09:29:14.548567	100.0	True
2020-02-04 09:31:14.627838	100.0	True
2020-02-04 09:33:14.691389	100.0	True
2020-02-04 09:35:14.706930	100.0	True
2020-02-04 09:37:14.814099	100.0	True
2020-02-04 09:39:14.926060	100.0	True
2020-02-04 09:41:14.992451	100.0	True
2020-02-04 09:43:15.100279	100.0	True
2020-02-04 09:45:15.208070	100.0	True
2020-02-04 09:47:15.316009	100.0	True
2020-02-04 09:49:15.324457	100.0	True
2020-02-04 09:51:15.431822	100.0	True
2020-02-04 09:53:15.479145	100.0	True
2020-02-04 09:55:15.586090	100.0	True
2020-02-04 09:57:15.684022	100.0	True
2020-02-04 09:59:15.791897	100.0	True
2020-02-04 10:01:15.899433	100.0	True
2020-02-04 10:03:15.952170	100.0	True
2020-02-04 10:05:15.960365	100.0	True
2020-02-04 10:07:15.972082	100.0	True
2020-02-04 10:09:16.075409	100.0	True
2020-02-04 10:11:16.183250	100.0	True
2020-02-04 10:13:16.291826	100.0	True
2020-02-04 10:15:16.398630	100.0	True
2020-02-04 10:17:16.506022	100.0	True
2020-02-04 10:19:16.612935	100.0	True
2020-02-04 10:21:16.690093	100.0	True
2020-02-04 10:23:16.797162	100.0	True
2020-02-04 10:25:16.908498	100.0	True
2020-02-04 10:27:16.920891	100.0	True
2020-02-04 10:29:16.982904	100.0	True
2020-02-04 10:31:17.065529	100.0	True
2020-02-04 10:33:17.172308	100.0	True
2020-02-04 10:35:17.279978	100.0	True
2020-02-04 10:37:17.366743	100.0	True
2020-02-04 10:39:17.474626	100.0	True
2020-02-04 10:41:17.581853	100.0	True
2020-02-04 10:43:17.634967	100.0	True
2020-02-04 10:45:17.741747	100.0	True
2020-02-04 10:47:17.840145	100.0	True
2020-02-04 10:49:17.865659	100.0	True
2020-02-04 10:51:17.882435	100.0	True
2020-02-04 10:53:17.990097	100.0	True
2020-02-04 10:55:18.096263	100.0	True
2020-02-04 10:57:18.193523	100.0	True
2020-02-04 10:59:18.272405	100.0	True
2020-02-04 11:01:18.339921	100.0	True
2020-02-04 11:03:18.446556	100.0	True
2020-02-04 11:05:18.501627	100.0	True
2020-02-04 11:07:18.608582	100.0	True
2020-02-04 11:09:18.660026	100.0	True
2020-02-04 11:11:18.767229	100.0	True
2020-02-04 11:13:18.873324	100.0	True
2020-02-04 11:15:18.965407	100.0	True
2020-02-04 11:17:18.989609	100.0	True
2020-02-04 11:19:19.067222	100.0	True
2020-02-04 11:21:19.174890	100.0	True
2020-02-04 11:23:19.190575	100.0	True
2020-02-04 11:25:19.238910	100.0	True
2020-02-04 11:27:19.340935	100.0	True
2020-02-04 11:29:19.448565	100.0	True
2020-02-04 11:31:19.465867	100.0	True
2020-02-04 11:33:19.517227	100.0	True
2020-02-04 11:35:19.544810	100.0	True
2020-02-04 11:37:19.555063	100.0	True
2020-02-04 11:39:19.589551	100.0	True
2020-02-04 11:41:19.650789	100.0	True
2020-02-04 11:43:19.757840	100.0	True
2020-02-04 11:45:19.865325	100.0	True
2020-02-04 11:47:19.972198	100.0	True
2020-02-04 11:49:20.075740	100.0	True
2020-02-04 11:51:20.132688	100.0	True
2020-02-04 11:53:20.240025	100.0	True
2020-02-04 11:55:20.267044	100.0	True
2020-02-04 11:57:20.337886	100.0	True
2020-02-04 11:59:20.387995	100.0	True
2020-02-04 12:01:20.496688	100.0	True
2020-02-04 12:03:20.603862	100.0	True
2020-02-04 12:05:20.643509	100.0	True
2020-02-04 12:07:20.727215	100.0	True
2020-02-04 12:09:20.833920	100.0	True
2020-02-04 12:11:20.940705	100.0	True
2020-02-04 12:13:21.006247	100.0	True
2020-02-04 12:15:21.111701	100.0	True
2020-02-04 12:17:21.142238	100.0	True
2020-02-04 12:19:21.164719	100.0	True
2020-02-04 12:21:21.257749	100.0	True
2020-02-04 12:23:21.364631	100.0	True
2020-02-04 12:25:21.388067	100.0	True
2020-02-04 12:27:21.492717	100.0	True
2020-02-04 12:29:21.601496	100.0	True
2020-02-04 12:31:21.616356	100.0	True
2020-02-04 12:33:21.701680	100.0	True
2020-02-04 12:35:21.807927	100.0	True
2020-02-04 12:37:21.912596	100.0	True
2020-02-04 12:39:22.004814	100.0	True
2020-02-04 12:41:22.108974	100.0	True
2020-02-04 12:43:22.215930	100.0	True
2020-02-04 12:45:22.237729	100.0	True
2020-02-04 12:47:22.343828	100.0	True
2020-02-04 12:49:22.365354	100.0	True
2020-02-04 12:51:22.468499	100.0	True
2020-02-04 12:53:22.575103	100.0	True
2020-02-04 12:55:22.678942	100.0	True
2020-02-04 12:57:22.769981	100.0	True
2020-02-04 12:59:22.862953	100.0	True
2020-02-04 13:01:22.967612	100.0	True
2020-02-04 13:03:23.071476	100.0	True
2020-02-04 13:05:23.107234	100.0	True
2020-02-04 13:07:23.216028	100.0	True
2020-02-04 13:09:23.322971	100.0	True
2020-02-04 13:11:23.430084	100.0	True
2020-02-04 13:13:23.540214	100.0	True
2020-02-04 13:15:23.648023	100.0	True
2020-02-04 13:17:23.755339	100.0	True
2020-02-04 13:19:23.847819	100.0	True
2020-02-04 13:21:23.931392	100.0	True
2020-02-04 13:23:23.996433	100.0	True
2020-02-04 13:25:24.062966	100.0	True
2020-02-04 13:27:24.077223	100.0	True
2020-02-04 13:29:24.090448	100.0	True
2020-02-04 13:31:24.198229	100.0	True
2020-02-04 13:33:24.304434	100.0	True
2020-02-04 13:35:24.390905	100.0	True
2020-02-04 13:37:24.498323	100.0	True
2020-02-04 13:39:24.602314	100.0	True
2020-02-04 13:41:24.709703	100.0	True
2020-02-04 13:43:24.740931	100.0	True
2020-02-04 13:45:24.848474	100.0	True
2020-02-04 13:47:24.955914	100.0	True
2020-02-04 13:49:25.063834	100.0	True
2020-02-04 13:51:25.090122	100.0	True
2020-02-04 13:53:25.200843	100.0	True
2020-02-04 13:55:25.215260	100.0	True
2020-02-04 13:57:25.322454	100.0	True
2020-02-04 13:59:25.397590	100.0	True
2020-02-04 14:01:25.503977	100.0	True
2020-02-04 14:03:25.566904	100.0	True
2020-02-04 14:05:25.674492	100.0	True
2020-02-04 14:07:25.779873	100.0	True
2020-02-04 14:09:25.884711	100.0	True
2020-02-04 14:11:25.976775	100.0	True
2020-02-04 14:13:26.036173	100.0	True
2020-02-04 14:15:26.145077	100.0	True
2020-02-04 14:17:26.252028	100.0	True
2020-02-04 14:19:26.313824	100.0	True
2020-02-04 14:21:26.366927	100.0	True
2020-02-04 14:23:26.403205	100.0	True
2020-02-04 14:25:26.499770	100.0	True
2020-02-04 14:27:26.514919	100.0	True
2020-02-04 14:29:26.621823	100.0	True
2020-02-04 14:31:26.677374	100.0	True
2020-02-04 14:33:26.740128	100.0	True
2020-02-04 14:35:26.790423	100.0	True
2020-02-04 14:37:26.856164	100.0	True
2020-02-04 14:39:26.928279	100.0	True
2020-02-04 14:41:26.996974	100.0	True
2020-02-04 14:43:27.090551	100.0	True
2020-02-04 14:45:27.198414	100.0	True
2020-02-04 14:47:27.303966	100.0	True
2020-02-04 14:49:27.410579	100.0	True
2020-02-04 14:51:27.478891	100.0	True
2020-02-04 14:53:27.588631	100.0	True
2020-02-04 14:55:27.688710	100.0	True
2020-02-04 14:57:27.763637	100.0	True
2020-02-04 14:59:27.867979	100.0	True
2020-02-04 15:01:27.881611	100.0	True
2020-02-04 15:03:27.890282	100.0	True
2020-02-04 15:05:27.997808	100.0	True
2020-02-04 15:07:28.097309	100.0	True
2020-02-04 15:09:28.106686	100.0	True
2020-02-04 15:11:28.214564	100.0	True
2020-02-04 15:13:28.302689	100.0	True
2020-02-04 15:15:28.325896	100.0	True
2020-02-04 15:17:28.359692	100.0	True
2020-02-04 15:19:28.371078	100.0	True
2020-02-04 15:21:28.475993	100.0	True
2020-02-04 15:23:28.579311	100.0	True
2020-02-04 15:25:28.686047	100.0	True
2020-02-04 15:27:28.771891	100.0	True
2020-02-04 15:29:28.867864	100.0	True
2020-02-04 15:31:28.972087	100.0	True
2020-02-04 15:33:28.982841	100.0	True
2020-02-04 15:35:29.091605	100.0	True
2020-02-04 15:37:29.198139	100.0	True
2020-02-04 15:39:29.305679	100.0	True
2020-02-04 15:41:29.407031	100.0	True
2020-02-04 15:43:29.512172	100.0	True
2020-02-04 15:45:29.620865	100.0	True
2020-02-04 15:47:29.641018	100.0	True
2020-02-04 15:49:29.721948	100.0	True
2020-02-04 15:51:29.829404	100.0	True
2020-02-04 15:53:29.905565	100.0	True
2020-02-04 15:55:30.012984	100.0	True
2020-02-04 15:57:30.120177	100.0	True
2020-02-04 15:59:30.140447	100.0	True
2020-02-04 16:01:30.206048	100.0	True
2020-02-04 16:03:30.277356	100.0	True
2020-02-04 16:05:30.384436	100.0	True
2020-02-04 16:07:30.418540	100.0	True
2020-02-04 16:09:30.513798	100.0	True
2020-02-04 16:11:30.537288	100.0	True
2020-02-04 16:13:30.643714	100.0	True
2020-02-04 16:15:30.718223	100.0	True
2020-02-04 16:17:30.823761	100.0	True
2020-02-04 16:19:30.927189	100.0	True
2020-02-04 16:21:31.032904	100.0	True
2020-02-04 16:23:31.075036	100.0	True
2020-02-04 16:25:31.091338	100.0	True
2020-02-04 16:27:31.105806	100.0	True
2020-02-04 16:29:31.215747	100.0	True
2020-02-04 16:31:31.315484	100.0	True
2020-02-04 16:33:31.423260	100.0	True
2020-02-04 16:35:31.467938	100.0	True
2020-02-04 16:37:31.482550	100.0	True
2020-02-04 16:39:31.590084	100.0	True
2020-02-04 16:41:31.697907	100.0	True
2020-02-04 16:43:31.806636	100.0	True
2020-02-04 16:45:31.831586	100.0	True
2020-02-04 16:47:31.938987	100.0	True
2020-02-04 16:49:32.045967	100.0	True
2020-02-04 16:51:32.153303	100.0	True
2020-02-04 16:53:32.247795	100.0	True
2020-02-04 16:55:32.345526	100.0	True
2020-02-04 16:57:32.365308	100.0	True
2020-02-04 16:59:32.421178	100.0	True
2020-02-04 17:01:32.528200	100.0	True
2020-02-04 17:03:32.631380	100.0	True
2020-02-04 17:05:32.735986	100.0	True
2020-02-04 17:07:32.843591	100.0	True
2020-02-04 17:09:32.888184	100.0	True
2020-02-04 17:11:32.921648	100.0	True
2020-02-04 17:13:32.932547	100.0	True
2020-02-04 17:15:32.963339	100.0	True
2020-02-04 17:17:33.069905	100.0	True
2020-02-04 17:19:33.178262	100.0	False
2020-02-04 17:21:33.287047	100.0	False
2020-02-04 17:23:33.394585	100.0	False
2020-02-04 17:25:33.459804	93.54838709677419	False
2020-02-04 17:27:33.568710	92.47311827956989	False
2020-02-04 17:29:33.685433	90.3225806451613	False
2020-02-04 17:31:33.793360	89.24731182795699	False
2020-02-04 17:33:33.882364	88.17204301075269	False
2020-02-04 17:35:33.998463	86.02150537634408	False
2020-02-04 17:37:34.107277	84.94623655913979	False
2020-02-04 17:39:34.215827	82.79569892473118	False
2020-02-04 17:41:34.328501	81.72043010752688	False
2020-02-04 17:43:34.435666	80.64516129032258	False
2020-02-04 17:45:34.545429	78.49462365591398	False
2020-02-04 17:47:34.656995	77.41935483870968	False
2020-02-04 17:49:34.765131	75.26881720430107	False
2020-02-04 17:51:34.875475	74.19354838709677	False
2020-02-04 17:53:34.982815	73.11827956989248	False
2020-02-04 19:15:15.431447	70.96774193548387	True
2020-02-04 19:17:15.537109	73.11827956989248	True
2020-02-04 19:19:15.642950	75.26881720430107	True
2020-02-04 19:21:15.753503	76.34408602150538	True
2020-02-04 19:23:15.860541	78.49462365591398	True
2020-02-04 19:25:15.968436	80.64516129032258	True
2020-02-04 19:27:16.076094	81.72043010752688	True
2020-02-04 19:29:16.180569	82.79569892473118	True
2020-02-04 19:31:16.288714	84.94623655913979	True
2020-02-04 19:33:16.395448	86.02150537634408	True
2020-02-04 19:35:16.499844	87.09677419354838	True
2020-02-04 19:37:16.604128	88.17204301075269	True
2020-02-04 19:39:16.709037	89.24731182795699	True
2020-02-04 19:41:16.816213	90.3225806451613	True
2020-02-04 19:43:16.920591	91.39784946236558	True
2020-02-04 19:45:17.029746	92.47311827956989	True
2020-02-04 19:47:17.136883	93.54838709677419	True
2020-02-04 19:49:17.244255	94.6236559139785	True
2020-02-04 19:51:17.347930	94.6236559139785	True
2020-02-04 19:53:17.452941	95.6989247311828	True
2020-02-04 19:55:17.560232	96.7741935483871	True
2020-02-04 19:57:17.668184	96.7741935483871	True
2020-02-04 19:59:17.776466	97.84946236559139	True
2020-02-04 20:01:17.885277	97.84946236559139	True
2020-02-04 20:03:17.992035	98.9247311827957	True
2020-02-04 20:05:18.096671	98.9247311827957	True
2020-02-04 20:07:18.205017	98.9247311827957	True
2020-02-04 20:09:18.312560	98.9247311827957	True
2020-02-04 20:11:18.419003	98.9247311827957	True
2020-02-04 20:13:18.525501	98.9247311827957	True
2020-02-04 20:15:18.632121	98.9247311827957	True
2020-02-04 20:17:18.735983	98.9247311827957	True
2020-02-04 20:19:18.839941	98.9247311827957	True
2020-02-04 20:21:18.943189	98.9247311827957	True
2020-02-04 20:23:19.048566	98.9247311827957	True
2020-02-04 20:25:19.155996	98.9247311827957	True
2020-02-04 20:27:19.260242	98.9247311827957	True
2020-02-04 20:29:19.369298	98.9247311827957	True
2020-02-04 20:31:19.475759	98.9247311827957	True
2020-02-04 20:33:19.584470	98.9247311827957	True
2020-02-04 20:35:19.691880	98.9247311827957	True
2020-02-04 20:37:19.796083	98.9247311827957	True
2020-02-04 20:39:19.901925	100.0	True
2020-02-04 20:41:20.007927	100.0	True
2020-02-04 20:43:20.112790	100.0	True
2020-02-04 20:45:20.220613	100.0	True
2020-02-04 20:47:20.328011	100.0	True
2020-02-04 20:49:20.433064	100.0	True
2020-02-04 20:51:20.540251	100.0	True
2020-02-04 20:53:20.645774	100.0	True
2020-02-04 20:55:20.751818	100.0	True
2020-02-04 20:57:20.856488	100.0	True
2020-02-04 20:59:20.964214	100.0	True
2020-02-04 21:01:21.069123	100.0	True
2020-02-04 21:03:21.167608	100.0	True
2020-02-04 21:05:21.274530	100.0	True
2020-02-04 21:07:21.379769	100.0	True
2020-02-04 21:09:21.483179	100.0	True
2020-02-04 21:11:21.587672	100.0	True
2020-02-04 21:13:21.691367	100.0	True
2020-02-04 21:15:21.798699	100.0	True
2020-02-04 21:17:21.904663	100.0	True
2020-02-04 21:19:22.012368	100.0	True
2020-02-04 21:21:22.120754	100.0	True
2020-02-04 21:23:22.227946	100.0	True
2020-02-04 21:25:22.332570	100.0	True
2020-02-04 21:27:22.440098	100.0	True
2020-02-04 21:29:22.543933	100.0	True
2020-02-04 21:31:22.649957	100.0	True
2020-02-04 21:33:22.758408	100.0	True
2020-02-04 21:35:22.864670	100.0	True
2020-02-04 21:37:22.971606	100.0	True
2020-02-04 21:39:23.076407	100.0	True
2020-02-04 21:41:23.184107	100.0	True
2020-02-04 21:43:23.288892	100.0	True
2020-02-04 21:45:23.397345	100.0	True
2020-02-04 21:47:23.505432	100.0	True
2020-02-04 21:49:23.612819	100.0	True
2020-02-04 21:51:23.721184	100.0	True
2020-02-04 21:53:23.828506	100.0	True
2020-02-04 21:55:23.935886	100.0	True
2020-02-04 21:57:24.040970	100.0	True
2020-02-04 21:59:24.148920	100.0	True
2020-02-04 22:01:24.255565	100.0	True
2020-02-04 22:03:24.363705	100.0	True
2020-02-04 22:05:24.467519	100.0	True
2020-02-04 22:07:24.573105	100.0	True
2020-02-04 22:09:24.682371	100.0	True
2020-02-04 22:11:24.790298	100.0	True
2020-02-04 22:13:24.896664	100.0	True
2020-02-04 22:15:25.003198	100.0	True
2020-02-04 22:17:25.106609	100.0	True
2020-02-04 22:19:25.211449	100.0	True
2020-02-04 22:21:25.319088	100.0	True
2020-02-04 22:23:25.424372	100.0	True
2020-02-04 22:25:25.531429	100.0	True
2020-02-04 22:27:25.638726	100.0	True
2020-02-04 22:29:25.745971	100.0	True
2020-02-04 22:31:25.853311	100.0	True
2020-02-04 22:33:25.960204	100.0	True
2020-02-04 22:35:26.067363	100.0	True
2020-02-04 22:37:26.174771	100.0	True
2020-02-04 22:39:26.280508	100.0	True
2020-02-04 22:41:26.387413	100.0	True
2020-02-04 22:43:26.492907	100.0	True
2020-02-04 22:45:26.568048	100.0	True
2020-02-04 22:47:26.672671	100.0	True
2020-02-04 22:49:26.749875	100.0	True
2020-02-04 22:51:26.856144	100.0	True
2020-02-04 22:53:26.960365	100.0	True
2020-02-04 22:55:27.068402	100.0	True
2020-02-04 22:57:27.176490	100.0	True
2020-02-04 22:59:27.284731	100.0	True
2020-02-04 23:01:27.393022	100.0	True
2020-02-04 23:03:27.478928	100.0	True
2020-02-04 23:05:27.585148	100.0	True
2020-02-04 23:07:27.599946	100.0	True
2020-02-04 23:09:27.705933	100.0	True
2020-02-04 23:11:27.721034	100.0	True
2020-02-04 23:13:27.829760	100.0	True
2020-02-04 23:15:27.938270	100.0	True
2020-02-04 23:17:28.047317	100.0	True
2020-02-04 23:19:28.152212	100.0	True
2020-02-04 23:21:28.256664	100.0	True
2020-02-04 23:23:28.365366	100.0	True
2020-02-04 23:25:28.471936	100.0	True
2020-02-04 23:27:28.578072	100.0	True
2020-02-04 23:29:28.686066	100.0	True
2020-02-04 23:31:28.763360	100.0	True
2020-02-04 23:33:28.867567	100.0	True
2020-02-04 23:35:28.922046	100.0	False
2020-02-04 23:37:29.031195	100.0	False
2020-02-04 23:39:29.138096	100.0	False
2020-02-04 23:41:29.246141	93.54838709677419	False
2020-02-04 23:43:29.356548	91.39784946236558	False
2020-02-04 23:45:29.465353	90.3225806451613	False
2020-02-04 23:47:29.572819	88.17204301075269	False
2020-02-04 23:49:29.680666	87.09677419354838	False
2020-02-04 23:51:29.789550	84.94623655913979	False
2020-02-04 23:53:29.897272	82.79569892473118	False
2020-02-04 23:55:30.005077	81.72043010752688	False
2020-02-04 23:57:30.115414	79.56989247311827	False
2020-02-04 23:59:30.221603	77.41935483870968	False
2020-02-05 00:01:30.328921	76.34408602150538	False
2020-02-05 00:03:30.438085	74.19354838709677	False
2020-02-05 00:05:30.547091	72.04301075268818	False
2020-02-05 00:07:30.655035	69.89247311827957	False
2020-02-05 00:09:30.762452	67.74193548387096	False
2020-02-05 00:11:30.871433	65.59139784946237	False
2020-02-05 00:13:30.982007	64.51612903225806	False
2020-02-05 00:15:31.092928	62.365591397849464	False
2020-02-05 00:17:31.201921	60.215053763440864	False
2020-02-05 00:19:31.310321	58.064516129032256	False
2020-02-05 00:21:31.374282	55.913978494623656	False
2020-02-05 00:23:31.483532	54.83870967741935	False
2020-02-05 00:25:31.591196	52.68817204301075	False
2020-02-05 00:27:31.681519	51.61290322580645	False
2020-02-05 00:29:31.791696	49.46236559139785	False
2020-02-05 00:31:31.900872	48.38709677419355	False
2020-02-05 00:33:31.929273	47.31182795698925	False
2020-02-05 00:35:32.039309	45.16129032258065	False
2020-02-05 00:37:32.148820	44.086021505376344	False
2020-02-05 00:39:32.234919	41.935483870967744	False
2020-02-05 00:41:32.312924	46.236559139784944	True
2020-02-05 00:43:32.417010	49.46236559139785	True
2020-02-05 00:45:32.524416	52.68817204301075	True
2020-02-05 00:47:32.631767	55.913978494623656	True
2020-02-05 00:49:32.649676	58.064516129032256	True
2020-02-05 00:51:32.756531	61.29032258064516	True
2020-02-05 00:53:32.795037	63.44086021505376	True
2020-02-05 00:55:32.902498	66.66666666666667	True
2020-02-05 00:57:33.008486	68.81720430107526	True
2020-02-05 00:59:33.080488	70.96774193548387	True
2020-02-05 01:01:33.106545	73.11827956989248	True
2020-02-05 01:03:33.213063	74.19354838709677	True
2020-02-05 01:05:33.320545	76.34408602150538	True
2020-02-05 01:07:33.427585	78.49462365591398	True
2020-02-05 01:09:33.532274	79.56989247311827	True
2020-02-05 01:11:33.640347	80.64516129032258	True
2020-02-05 01:13:33.689227	82.79569892473118	True
2020-02-05 01:15:33.756927	83.87096774193549	True
2020-02-05 01:17:33.865276	84.94623655913979	True
2020-02-05 01:19:33.977043	86.02150537634408	True
2020-02-05 01:21:34.084929	87.09677419354838	True
2020-02-05 01:23:34.191699	88.17204301075269	True
2020-02-05 01:25:34.298940	89.24731182795699	True
2020-02-05 01:27:34.403944	90.3225806451613	True
2020-02-05 01:29:34.508187	90.3225806451613	True
2020-02-05 01:31:34.617663	91.39784946236558	True
2020-02-05 01:33:34.724582	91.39784946236558	True
2020-02-05 01:35:34.832275	92.47311827956989	True
2020-02-05 01:37:34.941551	92.47311827956989	True
2020-02-05 01:39:35.047378	93.54838709677419	True
2020-02-05 01:41:35.153492	93.54838709677419	True
2020-02-05 01:43:35.262126	94.6236559139785	True
2020-02-05 01:45:35.366904	94.6236559139785	True
2020-02-05 01:47:35.470284	95.6989247311828	True
2020-02-05 01:49:35.577856	95.6989247311828	True
2020-02-05 01:51:35.682491	95.6989247311828	True
2020-02-05 01:53:35.786826	96.7741935483871	True
2020-02-05 01:55:35.892884	96.7741935483871	True
2020-02-05 01:57:35.999367	96.7741935483871	True
2020-02-05 01:59:36.103623	97.84946236559139	True
2020-02-05 02:01:36.203836	97.84946236559139	True
2020-02-05 02:03:36.307894	97.84946236559139	True
2020-02-05 02:05:36.381101	98.9247311827957	True
2020-02-05 02:07:36.493639	98.9247311827957	True
2020-02-05 02:09:36.600759	98.9247311827957	True
2020-02-05 02:11:36.707846	98.9247311827957	True
2020-02-05 02:13:36.745806	100.0	True
2020-02-05 02:15:36.853343	100.0	True
2020-02-05 02:17:36.961089	100.0	False
2020-02-05 02:19:37.069772	100.0	False
2020-02-05 02:21:37.176967	100.0	True
2020-02-05 02:23:37.284738	100.0	True
2020-02-05 02:25:37.392866	100.0	True
2020-02-05 02:27:37.500250	100.0	True
2020-02-05 02:29:37.599502	100.0	True
2020-02-05 02:31:37.704686	100.0	True
2020-02-05 02:33:37.811652	100.0	True
2020-02-05 02:35:37.882950	100.0	True
2020-02-05 02:37:37.988195	100.0	True
2020-02-05 02:39:38.092461	100.0	True
2020-02-05 02:41:38.200781	100.0	True
2020-02-05 02:43:38.309501	100.0	True
2020-02-05 02:45:38.417520	100.0	True
2020-02-05 02:47:38.525695	100.0	True
2020-02-05 02:49:38.631413	100.0	True
2020-02-05 02:51:38.736593	100.0	True
2020-02-05 02:53:38.845356	100.0	True
2020-02-05 02:55:38.954518	100.0	True
2020-02-05 02:57:39.062327	100.0	True
2020-02-05 02:59:39.167402	100.0	True
2020-02-05 03:01:39.273674	100.0	True
2020-02-05 03:03:39.382123	100.0	True
2020-02-05 03:05:39.488363	100.0	True
2020-02-05 03:07:39.596662	100.0	True
2020-02-05 03:09:39.703814	100.0	True
2020-02-05 03:11:39.808655	100.0	True
2020-02-05 03:13:39.916087	100.0	True
2020-02-05 03:15:40.019682	100.0	True
2020-02-05 03:17:40.120789	100.0	True
2020-02-05 03:19:40.228369	100.0	True
2020-02-05 03:21:40.335500	100.0	True
2020-02-05 03:23:40.402050	100.0	True
2020-02-05 03:25:40.508063	100.0	True
2020-02-05 03:27:40.612444	100.0	True
2020-02-05 03:29:40.720034	100.0	True
2020-02-05 03:31:40.823934	100.0	True
2020-02-05 03:33:40.928299	100.0	True
2020-02-05 03:35:40.939515	100.0	True
2020-02-05 03:37:41.044980	100.0	True
2020-02-05 03:39:41.152232	100.0	True
2020-02-05 03:41:41.256589	100.0	True
2020-02-05 03:43:41.364406	100.0	True
2020-02-05 03:45:41.471626	100.0	True
2020-02-05 03:47:41.576089	100.0	True
2020-02-05 03:49:41.680058	100.0	True
2020-02-05 03:51:41.786201	100.0	True
2020-02-05 03:53:41.892890	100.0	True
2020-02-05 03:55:41.979418	100.0	True
2020-02-05 03:57:42.003874	100.0	True
2020-02-05 03:59:42.111380	100.0	True
2020-02-05 04:01:42.218693	100.0	True
2020-02-05 04:03:42.232152	100.0	True
2020-02-05 04:05:42.332522	100.0	True
2020-02-05 04:07:42.439870	100.0	True
2020-02-05 04:09:42.532905	100.0	True
2020-02-05 04:11:42.639573	100.0	True
2020-02-05 04:13:42.743730	100.0	True
2020-02-05 04:15:42.850483	100.0	True
2020-02-05 04:17:42.935706	100.0	True
2020-02-05 04:19:43.038279	100.0	True
2020-02-05 04:21:43.136589	100.0	True
2020-02-05 04:23:43.198628	100.0	True
2020-02-05 04:25:43.238479	100.0	True
2020-02-05 04:27:43.343518	100.0	True
2020-02-05 04:29:43.451386	100.0	True
2020-02-05 04:31:43.554877	100.0	True
2020-02-05 04:33:43.573506	100.0	True
2020-02-05 04:35:43.681100	100.0	True
2020-02-05 04:37:43.788170	100.0	True
2020-02-05 04:39:43.891993	100.0	True
2020-02-05 04:41:43.900193	100.0	True
2020-02-05 04:43:44.003923	100.0	True
2020-02-05 04:45:44.107963	100.0	True
2020-02-05 04:47:44.181960	100.0	True
2020-02-05 04:49:44.287294	100.0	True
2020-02-05 04:51:44.390892	100.0	True
2020-02-05 04:53:44.495736	100.0	True
2020-02-05 04:55:44.515906	100.0	True
2020-02-05 04:57:44.619963	100.0	True
2020-02-05 04:59:44.724592	100.0	True
2020-02-05 05:01:44.831680	100.0	True
2020-02-05 05:03:44.901497	100.0	True
2020-02-05 05:05:45.008827	100.0	True
2020-02-05 05:07:45.100154	100.0	True
2020-02-05 05:09:45.115405	100.0	True
2020-02-05 05:11:45.219247	100.0	True
2020-02-05 05:13:45.262961	100.0	True
2020-02-05 05:15:45.367890	100.0	True
2020-02-05 05:17:45.378860	100.0	True
2020-02-05 05:19:45.450390	100.0	True
2020-02-05 05:21:45.555812	100.0	True
2020-02-05 05:23:45.598085	100.0	True
2020-02-05 05:25:45.707108	100.0	True
2020-02-05 05:27:45.811981	100.0	True
2020-02-05 05:29:45.912810	100.0	True
2020-02-05 05:31:45.951846	100.0	True
2020-02-05 05:33:46.058718	100.0	True
2020-02-05 05:35:46.164994	100.0	True
2020-02-05 05:37:46.273572	100.0	True
2020-02-05 05:39:46.380496	100.0	True
2020-02-05 05:41:46.488687	100.0	True
2020-02-05 05:43:46.596821	100.0	True
2020-02-05 05:45:46.703844	100.0	True
2020-02-05 05:47:46.814532	100.0	True
2020-02-05 05:49:46.920157	100.0	True
2020-02-05 05:51:47.023064	100.0	True
2020-02-05 05:53:47.137524	100.0	True
2020-02-05 05:55:47.244010	100.0	True
2020-02-05 05:57:47.347810	100.0	True
2020-02-05 05:59:47.451158	100.0	True
2020-02-05 06:01:47.555033	100.0	True
2020-02-05 06:03:47.660033	100.0	True
2020-02-05 06:05:47.764507	100.0	True
2020-02-05 06:07:47.871573	100.0	True
2020-02-05 06:09:47.979977	100.0	True
2020-02-05 06:11:48.084617	100.0	True
2020-02-05 06:13:48.190872	100.0	True
2020-02-05 06:15:48.295620	100.0	True
2020-02-05 06:17:48.404278	100.0	True
2020-02-05 06:19:48.500188	100.0	True
2020-02-05 06:21:48.604243	100.0	True
2020-02-05 06:23:48.665801	100.0	True
2020-02-05 06:25:48.757375	100.0	True
2020-02-05 06:27:48.811295	100.0	True
2020-02-05 06:29:48.894519	100.0	True
2020-02-05 06:31:48.920597	100.0	True
2020-02-05 06:33:49.026916	100.0	True
2020-02-05 06:35:49.074182	100.0	True
2020-02-05 06:37:49.180084	100.0	True
2020-02-05 06:39:49.201012	100.0	True
2020-02-05 06:41:49.298841	100.0	True
2020-02-05 06:43:49.335035	100.0	True
2020-02-05 06:45:49.419158	100.0	True
2020-02-05 06:47:49.489039	100.0	True
2020-02-05 06:49:49.596503	100.0	True
2020-02-05 06:51:49.691112	100.0	True
2020-02-05 06:53:49.762498	100.0	True
2020-02-05 06:55:49.868479	100.0	True
2020-02-05 06:57:49.975424	100.0	True
2020-02-05 06:59:50.023736	100.0	True
2020-02-05 07:01:50.089704	100.0	True
2020-02-05 07:03:50.128052	100.0	True
2020-02-05 07:05:50.231612	100.0	True
2020-02-05 07:07:50.336580	100.0	True
2020-02-05 07:09:50.375189	100.0	True
2020-02-05 07:11:50.448490	100.0	True
2020-02-05 07:13:50.468379	100.0	True
2020-02-05 07:15:50.575440	100.0	True
2020-02-05 09:14:47.607399	100.0	True
2020-02-05 09:16:14.421812	100.0	True
2020-02-05 12:54:16.635415	100.0	False
2020-02-05 12:56:16.743256	93.54838709677419	False
2020-02-05 12:58:16.849238	91.39784946236558	False
2020-02-05 13:00:16.958422	90.3225806451613	False
2020-02-05 13:02:17.066005	89.24731182795699	False
2020-02-05 13:04:17.172602	87.09677419354838	False
2020-02-05 13:06:17.280589	86.02150537634408	False
2020-02-05 13:08:17.390906	83.87096774193549	False
2020-02-05 13:55:05.511312	81.72043010752688	False
2020-02-05 13:57:05.621729	80.64516129032258	False
2020-02-05 13:59:05.695141	78.49462365591398	False
2020-02-05 14:01:05.791061	77.41935483870968	False
2020-02-05 14:03:06.350735	76.34408602150538	False
2020-02-05 14:05:06.382695	74.19354838709677	False
2020-02-05 14:07:06.489974	72.04301075268818	False
2020-02-05 14:09:06.594636	69.89247311827957	False
2020-02-05 14:11:06.700293	67.74193548387096	False
2020-02-05 14:13:06.807145	65.59139784946237	False
2020-02-05 14:15:06.915845	63.44086021505376	False
2020-02-05 14:17:06.972746	61.29032258064516	False
2020-02-05 14:19:06.989599	60.215053763440864	False
2020-02-05 14:21:07.098829	58.064516129032256	False
2020-02-05 14:23:07.207838	56.98924731182796	False
2020-02-05 14:25:07.315851	54.83870967741935	False
2020-02-05 14:27:07.416272	52.68817204301075	False
2020-02-05 14:29:07.523020	51.61290322580645	False
2020-02-05 14:31:07.631823	49.46236559139785	False
2020-02-05 14:33:07.741418	48.38709677419355	False
2020-02-05 14:35:07.847872	46.236559139784944	False
2020-02-05 14:37:07.872602	44.086021505376344	False
2020-02-05 14:39:07.979546	43.01075268817204	False
2020-02-05 14:41:07.999740	40.86021505376344	False
2020-02-05 14:43:08.084428	39.784946236559136	False
2020-02-05 14:45:08.107679	37.634408602150536	False
2020-02-05 14:47:08.216167	35.483870967741936	False
2020-02-05 14:49:08.324588	34.40860215053763	False
2020-02-05 14:51:08.432399	32.25806451612903	False
2020-02-05 14:53:08.463723	31.182795698924732	False
2020-02-05 15:54:47.233476	30.107526881720432	False
2020-02-05 15:56:47.343635	26.881720430107528	False
2020-02-05 15:58:47.455132	25.806451612903224	False
2020-02-05 16:00:47.560338	27.956989247311828	True
2020-02-05 16:02:47.668339	31.182795698924732	True
2020-02-05 16:04:47.776274	35.483870967741936	True
2020-02-05 16:06:47.860359	38.70967741935484	True
2020-02-05 16:06:59.570733	38.70967741935484	True
2020-02-05 16:08:47.968089	41.935483870967744	True
2020-02-05 16:10:48.075483	45.16129032258065	True
2020-02-05 16:12:48.182816	48.38709677419355	True
2020-02-05 16:14:48.269489	51.61290322580645	True
2020-02-05 16:16:48.374046	53.763440860215056	True
2020-02-05 16:18:48.481278	56.98924731182796	True
2020-02-05 16:20:48.589148	59.13978494623656	True
2020-02-05 16:22:48.696775	62.365591397849464	True
2020-02-05 16:24:48.805785	64.51612903225806	True
2020-02-05 16:26:48.849195	66.66666666666667	True
2020-02-05 16:28:48.953371	68.81720430107526	True
2020-02-05 16:30:49.057961	70.96774193548387	True
2020-02-05 16:32:49.165542	72.04301075268818	True
2020-02-05 16:34:49.270483	74.19354838709677	True
2020-02-05 16:36:49.377587	76.34408602150538	True
2020-02-05 16:38:49.407804	77.41935483870968	True
2020-02-05 16:40:49.483550	78.49462365591398	True
2020-02-05 16:42:49.594624	80.64516129032258	True
2020-02-05 16:44:49.701585	81.72043010752688	True
2020-02-05 16:46:49.795484	82.79569892473118	True
2020-02-05 16:48:49.862790	83.87096774193549	True
2020-02-05 16:50:49.969838	84.94623655913979	True
2020-02-05 16:52:50.077842	86.02150537634408	True
2020-02-05 16:54:50.184966	87.09677419354838	True
2020-02-05 16:56:50.289808	88.17204301075269	True
2020-02-05 16:58:50.397218	89.24731182795699	True
2020-02-05 17:00:50.483899	89.24731182795699	True
2020-02-05 17:03:56.116644	90.3225806451613	True
2020-02-05 17:05:56.219127	91.39784946236558	True
2020-02-05 17:07:56.326900	92.47311827956989	True
2020-02-05 17:09:56.408487	92.47311827956989	True
2020-02-05 17:11:56.493415	93.54838709677419	True
2020-02-05 17:13:56.527245	93.54838709677419	True
2020-02-05 17:15:56.634887	93.54838709677419	True
2020-02-05 17:17:56.739295	94.6236559139785	True
2020-02-05 17:19:56.847520	94.6236559139785	True
2020-02-05 17:21:56.955954	95.6989247311828	True
2020-02-05 17:23:56.999215	95.6989247311828	True
2020-02-05 17:25:57.087856	95.6989247311828	True
2020-02-05 17:27:57.194904	96.7741935483871	True
2020-02-05 17:29:57.301780	96.7741935483871	True
2020-02-05 17:31:57.334270	96.7741935483871	True
2020-02-05 17:33:57.439813	97.84946236559139	True
2020-02-05 17:35:57.547167	97.84946236559139	True
2020-02-05 17:37:57.656758	97.84946236559139	True
2020-02-05 17:39:58.265974	98.9247311827957	True
2020-02-05 17:41:58.372086	98.9247311827957	True
2020-02-05 17:43:58.465262	98.9247311827957	True
2020-02-05 17:45:58.572683	98.9247311827957	True
2020-02-05 17:47:58.630412	100.0	True
2020-02-05 17:49:58.739446	100.0	True
2020-02-05 17:51:58.847387	100.0	True
2020-02-05 17:53:58.945174	100.0	True
2020-02-05 17:55:59.003482	100.0	True
2020-02-05 17:57:59.101207	100.0	True
2020-02-05 17:59:59.194346	100.0	True
2020-02-05 18:01:59.293269	100.0	True
2020-02-05 18:03:59.372971	100.0	True
2020-02-05 18:05:59.472995	100.0	True
2020-02-05 18:07:59.573189	100.0	True
2020-02-05 18:09:59.673075	100.0	True
2020-02-05 18:11:59.695440	100.0	True
2020-02-05 18:13:59.741981	100.0	True
2020-02-05 18:15:59.838135	100.0	True
2020-02-05 18:17:59.943897	100.0	True
2020-02-05 18:19:59.995763	100.0	True
2020-02-05 18:22:00.102811	100.0	True
2020-02-05 18:24:00.193012	100.0	True
2020-02-05 18:26:00.300531	100.0	True
2020-02-05 18:28:00.316111	100.0	True
2020-02-05 18:30:00.419430	100.0	True
2020-02-05 18:32:00.523972	100.0	True
2020-02-05 18:34:00.617695	100.0	True
2020-02-05 18:36:00.728765	100.0	True
2020-02-05 18:38:00.803850	100.0	True
2020-02-05 18:40:00.911809	100.0	True
2020-02-05 22:32:45.546896	68.81720430107526	False
2020-02-05 22:34:45.655422	67.74193548387096	False
2020-02-05 22:36:45.764739	65.59139784946237	False
2020-02-05 22:38:45.873919	64.51612903225806	False
2020-02-05 22:40:45.983639	63.44086021505376	False
2020-02-05 22:42:46.092600	62.365591397849464	False
2020-02-05 22:44:46.200444	60.215053763440864	False
2020-02-05 22:46:46.311877	59.13978494623656	False
2020-02-05 22:48:46.419908	58.064516129032256	False
2020-02-05 22:50:46.529429	56.98924731182796	False
2020-02-05 22:52:46.551042	54.83870967741935	False
2020-02-05 22:54:46.585479	53.763440860215056	False
2020-02-05 22:56:46.678959	52.68817204301075	False
2020-02-05 22:58:46.784519	50.53763440860215	False
2020-02-05 23:00:46.891962	49.46236559139785	False
2020-02-05 23:02:46.929048	48.38709677419355	False
2020-02-05 23:04:47.039620	47.31182795698925	False
2020-02-05 23:06:47.821784	46.236559139784944	False
2020-02-05 23:08:47.931276	45.16129032258065	False
2020-02-05 23:10:47.980417	44.086021505376344	False
2020-02-05 23:12:48.068645	43.01075268817204	False
2020-02-05 23:14:48.139068	41.935483870967744	False
2020-02-05 23:16:48.241431	39.784946236559136	False
2020-02-05 23:18:48.350248	38.70967741935484	False
2020-02-05 23:20:48.410166	37.634408602150536	False
2020-02-05 23:22:48.494411	36.55913978494624	False
2020-02-05 23:24:48.604266	34.40860215053763	False
2020-02-05 23:26:48.644894	33.333333333333336	False
2020-02-05 23:28:48.731089	32.25806451612903	False
2020-02-05 23:30:48.838982	30.107526881720432	False
2020-02-05 23:32:48.921942	29.032258064516128	False
2020-02-05 23:34:48.990709	26.881720430107528	False
2020-02-05 23:36:49.062373	25.806451612903224	False
2020-02-05 23:38:49.170816	24.731182795698924	False
2020-02-05 23:40:49.259712	22.580645161290324	False
2020-02-05 23:42:49.370343	21.50537634408602	False
2020-02-05 23:44:49.477379	20.43010752688172	False
2020-02-05 23:46:49.520461	18.27956989247312	False
2020-02-05 23:48:49.633798	17.204301075268816	False
2020-02-05 23:50:49.688681	15.053763440860216	False
2020-02-05 23:52:49.799553	13.978494623655914	False
2020-02-05 23:54:49.907516	11.827956989247312	False
2020-02-05 23:56:50.018057	10.75268817204301	False
2020-02-05 23:58:50.128329	8.602150537634408	False
2020-02-06 00:00:50.165935	7.526881720430108	False
2020-02-06 00:03:04.296238	10.75268817204301	True
2020-02-06 00:05:04.404339	13.978494623655914	True
2020-02-06 00:07:04.508895	18.27956989247312	True
2020-02-06 00:09:04.615801	22.580645161290324	True
2020-02-06 00:11:04.663718	25.806451612903224	True
2020-02-06 00:13:04.772629	30.107526881720432	True
2020-02-06 00:15:04.881422	33.333333333333336	True
2020-02-06 00:17:04.986437	37.634408602150536	True
2020-02-06 00:19:05.035306	40.86021505376344	True
2020-02-06 00:21:05.143724	44.086021505376344	True
2020-02-06 00:23:05.248446	47.31182795698925	True
2020-02-06 00:25:05.357868	50.53763440860215	True
2020-02-06 00:27:05.465163	53.763440860215056	True
2020-02-06 00:29:05.572168	55.913978494623656	True
2020-02-06 00:31:05.647514	59.13978494623656	True
2020-02-06 00:33:05.751089	61.29032258064516	True
2020-02-06 00:35:05.856969	64.51612903225806	True
2020-02-06 00:37:06.970985	66.66666666666667	True
2020-02-06 00:39:07.076685	68.81720430107526	True
2020-02-06 00:41:07.184411	70.96774193548387	True
2020-02-06 00:43:07.295714	72.04301075268818	True
2020-02-06 00:45:07.399268	74.19354838709677	True
2020-02-06 00:47:07.503929	75.26881720430107	True
2020-02-06 00:49:07.613833	77.41935483870968	True
2020-02-06 00:51:07.719297	78.49462365591398	True
2020-02-06 00:53:07.823278	80.64516129032258	True
2020-02-06 00:55:07.928725	81.72043010752688	True
2020-02-06 00:57:08.035772	82.79569892473118	True
2020-02-06 00:59:08.139151	83.87096774193549	True
2020-02-06 01:01:08.243586	84.94623655913979	True
2020-02-06 01:03:08.348102	86.02150537634408	True
2020-02-06 01:05:08.456638	87.09677419354838	True
2020-02-06 01:07:08.565454	88.17204301075269	True
2020-02-06 01:09:08.671750	89.24731182795699	True
2020-02-06 11:26:09.918181	100.0	True
2020-02-06 11:28:10.022657	100.0	True
2020-02-06 11:30:10.128503	100.0	True
2020-02-06 11:32:10.234593	100.0	True
2020-02-06 11:34:10.287707	100.0	True
2020-02-06 11:36:10.395587	100.0	True
2020-02-06 16:34:49.457380	62.365591397849464	False
2020-02-06 16:36:50.299111	60.215053763440864	False
2020-02-06 16:38:50.405422	59.13978494623656	False
2020-02-06 16:40:50.477114	56.98924731182796	False
2020-02-06 16:42:50.585320	55.913978494623656	False
2020-02-06 16:44:50.696705	53.763440860215056	False
2020-02-06 16:46:50.806167	51.61290322580645	False
2020-02-06 16:48:50.914107	49.46236559139785	False
2020-02-06 16:50:51.022604	47.31182795698925	False
2020-02-06 16:52:51.131682	45.16129032258065	False
2020-02-06 16:54:51.243212	43.01075268817204	False
2020-02-06 16:56:51.352156	40.86021505376344	False
2020-02-06 16:58:51.461853	38.70967741935484	False
2020-02-06 17:00:51.571448	36.55913978494624	False
2020-02-06 17:02:51.679168	33.333333333333336	False
2020-02-06 17:04:51.784714	32.25806451612903	False
2020-02-06 17:06:51.893139	30.107526881720432	False
2020-02-06 17:08:51.911019	27.956989247311828	False
2020-02-06 17:10:52.018508	25.806451612903224	False
2020-02-06 17:12:52.132060	24.731182795698924	False
2020-02-06 17:14:52.243547	22.580645161290324	False
2020-02-06 17:16:52.348811	21.50537634408602	True
2020-02-06 17:18:52.463114	25.806451612903224	True
2020-02-06 17:20:52.569184	30.107526881720432	True
2020-02-06 17:22:52.675682	33.333333333333336	True
2020-02-06 17:24:52.783838	37.634408602150536	True
2020-02-06 17:26:52.892379	40.86021505376344	True
2020-02-06 17:28:52.999187	44.086021505376344	True
2020-02-06 17:30:53.103483	47.31182795698925	True
2020-02-06 17:32:53.212701	50.53763440860215	True
2020-02-06 17:34:53.320281	53.763440860215056	True
2020-02-06 17:36:53.332931	56.98924731182796	True
2020-02-06 17:38:53.439509	60.215053763440864	True
2020-02-06 17:40:53.542564	62.365591397849464	True
2020-02-06 17:42:53.653587	64.51612903225806	True
2020-02-06 17:44:53.761315	67.74193548387096	True
2020-02-06 17:46:53.867760	69.89247311827957	True
2020-02-06 17:48:53.981581	72.04301075268818	True
2020-02-06 17:50:54.087528	73.11827956989248	True
2020-02-06 17:52:54.192687	75.26881720430107	True
2020-02-06 17:54:54.300813	77.41935483870968	True
2020-02-06 17:56:54.408442	78.49462365591398	True
2020-02-06 17:58:54.516016	80.64516129032258	True
2020-02-06 18:00:54.627494	81.72043010752688	True
2020-02-06 18:02:54.735866	82.79569892473118	True
2020-02-06 18:04:54.844184	83.87096774193549	True
2020-02-06 18:06:54.951447	84.94623655913979	True
2020-02-06 18:08:55.057852	86.02150537634408	True
2020-02-06 18:10:55.163101	87.09677419354838	True
2020-02-06 18:12:55.271660	88.17204301075269	True
2020-02-06 18:14:55.375296	89.24731182795699	True
2020-02-06 18:16:55.482064	90.3225806451613	True
2020-02-06 18:18:55.545585	91.39784946236558	True
2020-02-06 18:20:55.650827	91.39784946236558	True
2020-02-06 18:22:55.755178	92.47311827956989	True
2020-02-06 18:24:55.864861	93.54838709677419	True
2020-02-06 18:26:55.971536	93.54838709677419	True
2020-02-06 18:28:56.074158	94.6236559139785	True
2020-02-06 18:30:56.179773	94.6236559139785	True
2020-02-06 18:32:56.286641	95.6989247311828	True
2020-02-06 18:34:56.299681	95.6989247311828	True
2020-02-06 18:36:56.403273	95.6989247311828	True
2020-02-06 18:38:56.508715	96.7741935483871	True
2020-02-06 18:40:56.615217	96.7741935483871	True
2020-02-06 18:42:56.719278	97.84946236559139	True
2020-02-06 18:44:56.823242	97.84946236559139	True
2020-02-06 18:46:56.833909	97.84946236559139	True
2020-02-06 18:48:56.941451	98.9247311827957	True
2020-02-06 18:50:57.048063	98.9247311827957	True
2020-02-06 18:52:57.155737	98.9247311827957	True
2020-02-06 18:54:57.263235	98.9247311827957	True
2020-02-06 18:56:57.367123	98.9247311827957	True
2020-02-06 18:58:57.472667	98.9247311827957	True
2020-02-06 19:00:57.579501	98.9247311827957	True
2020-02-06 19:02:57.683029	98.9247311827957	True
2020-02-06 19:04:57.790436	100.0	True
2020-02-06 19:06:57.896221	100.0	True
2020-02-06 19:08:57.973210	100.0	True
2020-02-06 19:10:58.081550	100.0	True
2020-02-06 19:12:58.189452	100.0	False
2020-02-06 19:30:19.132534	100.0	False
2020-02-06 19:32:19.237969	100.0	False
2020-02-06 19:34:19.329687	100.0	False
2020-02-06 19:36:19.428451	93.54838709677419	False
2020-02-06 19:38:19.528297	92.47311827956989	False
2020-02-06 19:40:19.638231	91.39784946236558	False
2020-02-06 19:42:19.746776	90.3225806451613	False
2020-02-06 19:44:19.856198	89.24731182795699	False
2020-02-06 19:46:19.965185	88.17204301075269	False
2020-02-06 19:48:20.030590	87.09677419354838	False
2020-02-06 19:50:20.096243	86.02150537634408	False
2020-02-06 19:58:16.400329	84.94623655913979	False
2020-02-06 20:00:16.454718	83.87096774193549	False
2020-02-06 20:02:16.561199	82.79569892473118	False
2020-02-06 20:04:16.670865	81.72043010752688	False
2020-02-06 20:06:16.777142	81.72043010752688	False
2020-02-06 20:08:16.866023	80.64516129032258	False
2020-02-06 20:10:16.914647	79.56989247311827	False
2020-02-06 20:12:16.941933	78.49462365591398	False
2020-02-06 20:14:17.051174	77.41935483870968	False
2020-02-06 20:16:36.207116	76.34408602150538	False
2020-02-06 20:18:36.315025	74.19354838709677	False
2020-02-06 20:20:36.422285	73.11827956989248	False
2020-02-06 20:22:36.533196	72.04301075268818	False
2020-02-06 20:24:36.641574	69.89247311827957	False
2020-02-06 21:03:57.468141	67.74193548387096	False
2020-02-06 21:05:57.578093	66.66666666666667	False
2020-02-06 21:07:57.672165	64.51612903225806	False
2020-02-06 21:09:57.759005	63.44086021505376	False
2020-02-06 21:11:57.867410	62.365591397849464	False
2020-02-06 21:13:57.984835	60.215053763440864	False
2020-02-06 21:15:58.081662	58.064516129032256	False
2020-02-06 21:17:58.189975	56.98924731182796	False
2020-02-06 21:19:58.304692	55.913978494623656	False
2020-02-06 21:21:58.411631	53.763440860215056	False
2020-02-06 21:23:58.442339	52.68817204301075	False
2020-02-06 21:25:58.526327	50.53763440860215	False
2020-02-06 21:27:58.617331	49.46236559139785	False
2020-02-06 21:29:58.712752	47.31182795698925	False
2020-02-06 21:31:58.822237	46.236559139784944	False
2020-02-06 21:33:58.931847	44.086021505376344	False
2020-02-06 21:35:59.040900	43.01075268817204	False
2020-02-06 21:37:59.149528	41.935483870967744	False
2020-02-06 21:39:59.256499	39.784946236559136	False
2020-02-06 21:41:59.334544	38.70967741935484	False
2020-02-06 21:43:59.412488	36.55913978494624	False
2020-02-06 21:45:59.519947	35.483870967741936	False
2020-02-06 21:47:59.622613	33.333333333333336	False
2020-02-06 21:49:59.732669	32.25806451612903	False
2020-02-06 21:51:59.839425	30.107526881720432	False
2020-02-06 21:53:59.948802	29.032258064516128	False
2020-02-06 21:56:00.057949	26.881720430107528	False
2020-02-06 21:58:00.165089	25.806451612903224	False
2020-02-06 22:00:00.235781	23.655913978494624	False
2020-02-06 22:02:00.345394	22.580645161290324	False
2020-02-06 22:04:00.452133	20.43010752688172	False
2020-02-06 22:06:00.562090	19.35483870967742	False
2020-02-06 22:08:00.572706	17.204301075268816	False
2020-02-06 22:10:00.687530	16.129032258064516	False
2020-02-06 22:12:00.783479	13.978494623655914	False
2020-02-06 22:33:28.377273	11.827956989247312	False
2020-02-06 22:37:01.289301	13.978494623655914	True
2020-02-06 22:39:01.300637	17.204301075268816	True
2020-02-06 22:41:01.309004	21.50537634408602	True
2020-02-06 22:43:01.413821	25.806451612903224	True
2020-02-06 22:45:01.521400	29.032258064516128	True
2020-02-06 22:47:01.626802	32.25806451612903	True
2020-02-06 22:49:01.734328	36.55913978494624	True
2020-02-06 22:51:01.841688	39.784946236559136	True
2020-02-06 22:53:01.947173	43.01075268817204	True
2020-02-06 22:55:01.976621	46.236559139784944	True
2020-02-06 22:57:02.059466	49.46236559139785	True
2020-02-06 22:59:02.082963	52.68817204301075	True
2020-02-06 23:01:02.121717	54.83870967741935	True
2020-02-06 23:03:02.204209	58.064516129032256	True
2020-02-06 23:05:02.301774	60.215053763440864	True
2020-02-06 23:07:02.976354	63.44086021505376	True
2020-02-06 23:09:03.083551	65.59139784946237	True
2020-02-06 23:11:03.169869	67.74193548387096	True
2020-02-06 23:13:03.280040	69.89247311827957	True
2020-02-06 23:15:03.386975	70.96774193548387	True
2020-02-06 23:17:03.495393	73.11827956989248	True
2020-02-06 23:19:03.584997	75.26881720430107	True
2020-02-06 23:21:03.636481	76.34408602150538	True
2020-02-06 23:23:03.744784	77.41935483870968	False
2020-02-06 23:25:03.851383	75.26881720430107	False
2020-02-06 23:27:03.961474	73.11827956989248	False
2020-02-06 23:29:04.067967	70.96774193548387	False
2020-02-06 23:31:04.176260	69.89247311827957	False
2020-02-06 23:33:04.284032	67.74193548387096	False
2020-02-06 23:35:04.393158	66.66666666666667	False
2020-02-06 23:37:04.504196	64.51612903225806	False
2020-02-06 23:39:04.613207	62.365591397849464	False
2020-02-06 23:41:04.686815	61.29032258064516	False
2020-02-06 23:43:04.796135	59.13978494623656	False
2020-02-06 23:45:04.813864	56.98924731182796	False
2020-02-06 23:47:04.920582	55.913978494623656	False
2020-02-06 23:49:05.028635	53.763440860215056	False
2020-02-06 23:51:05.138625	51.61290322580645	False
2020-02-06 23:53:05.248307	49.46236559139785	False
2020-02-06 23:55:05.356071	48.38709677419355	False
2020-02-06 23:57:05.464119	50.53763440860215	True
2020-02-06 23:59:05.572454	52.68817204301075	True
2020-02-07 00:01:05.679782	55.913978494623656	True
2020-02-07 00:03:05.786962	59.13978494623656	True
2020-02-07 00:05:05.894661	61.29032258064516	True
2020-02-07 00:07:05.999090	63.44086021505376	True
2020-02-07 00:09:06.106880	66.66666666666667	True
2020-02-07 00:11:06.214581	68.81720430107526	True
2020-02-07 00:13:06.319415	70.96774193548387	True
2020-02-07 00:15:06.426798	72.04301075268818	True
2020-02-07 00:17:06.534591	74.19354838709677	True
2020-02-07 00:19:06.638708	76.34408602150538	True
2020-02-07 00:21:06.743503	77.41935483870968	True
2020-02-07 00:23:06.849971	78.49462365591398	True
2020-02-07 00:25:06.954552	80.64516129032258	True
2020-02-07 00:27:07.058248	81.72043010752688	True
2020-02-07 00:29:07.155693	82.79569892473118	True
2020-02-07 00:31:07.213377	83.87096774193549	True
2020-02-07 00:33:07.319749	84.94623655913979	True
2020-02-07 00:35:07.426506	86.02150537634408	True
2020-02-07 00:37:07.466679	87.09677419354838	True
2020-02-07 00:39:07.571053	88.17204301075269	True
2020-02-07 00:41:07.616273	89.24731182795699	True
2020-02-07 00:43:07.646381	89.24731182795699	True
2020-02-07 00:45:07.704975	90.3225806451613	True
2020-02-07 00:47:07.810194	91.39784946236558	True
2020-02-07 00:49:07.913778	91.39784946236558	True
2020-02-07 00:51:07.921230	92.47311827956989	True
2020-02-07 00:53:08.035436	92.47311827956989	True
2020-02-07 00:55:08.142574	93.54838709677419	True
2020-02-07 00:57:08.174875	93.54838709677419	True
2020-02-07 00:59:08.206219	94.6236559139785	True
2020-02-07 01:01:08.310596	94.6236559139785	True
2020-02-07 01:03:08.418140	95.6989247311828	True
2020-02-07 01:05:08.523449	95.6989247311828	True
2020-02-07 01:07:08.591457	95.6989247311828	True
2020-02-07 01:09:08.698927	96.7741935483871	True
2020-02-07 01:11:08.762051	96.7741935483871	True
2020-02-07 01:13:08.873202	96.7741935483871	True
2020-02-07 01:15:08.981114	97.84946236559139	True
2020-02-07 01:17:09.027175	97.84946236559139	True
2020-02-07 01:19:09.140304	97.84946236559139	True
2020-02-07 01:21:09.199422	98.9247311827957	True
2020-02-07 01:23:09.308122	98.9247311827957	True
2020-02-07 01:25:09.414230	98.9247311827957	True
2020-02-07 01:27:09.518386	98.9247311827957	True
2020-02-07 01:29:09.591523	98.9247311827957	True
2020-02-07 01:31:09.699082	98.9247311827957	True
2020-02-07 01:33:09.806670	100.0	True
2020-02-07 01:35:09.903060	100.0	True
2020-02-07 01:37:10.010759	100.0	True
2020-02-07 01:39:10.118399	100.0	True
2020-02-07 01:41:10.161990	100.0	True
2020-02-07 01:43:10.267693	100.0	True
2020-02-07 01:45:10.333180	100.0	True
2020-02-07 01:47:10.434914	100.0	True
2020-02-07 01:49:10.544393	100.0	True
2020-02-07 01:51:10.655264	100.0	True
2020-02-07 01:53:10.763350	100.0	True
2020-02-07 01:55:10.871665	100.0	True
2020-02-07 01:57:10.978676	100.0	True
2020-02-07 01:59:11.071119	100.0	True
2020-02-07 02:01:11.178673	100.0	True
2020-02-07 02:03:11.282249	100.0	True
2020-02-07 02:05:11.387918	100.0	True
2020-02-07 02:07:11.494530	100.0	True
2020-02-07 02:09:11.598449	100.0	True
2020-02-07 02:11:11.703512	100.0	True
2020-02-07 02:13:11.811337	100.0	True
2020-02-07 02:15:11.923422	100.0	True
2020-02-07 02:17:11.936975	100.0	True
2020-02-07 02:19:11.948069	100.0	True
2020-02-07 02:21:12.055485	100.0	True
2020-02-07 02:23:12.162312	100.0	True
2020-02-07 02:25:12.268345	100.0	True
2020-02-07 02:27:12.375316	100.0	True
2020-02-07 02:29:12.483783	100.0	True
2020-02-07 02:31:12.591555	100.0	True
2020-02-07 02:33:12.697795	100.0	True
2020-02-07 02:35:12.802337	100.0	True
2020-02-07 02:37:12.906111	100.0	True
2020-02-07 02:39:13.010682	100.0	True
2020-02-07 02:41:13.115947	100.0	True
2020-02-07 02:43:13.222957	100.0	False
2020-02-07 02:45:13.331268	100.0	False
2020-02-07 02:47:13.438942	92.47311827956989	False
2020-02-07 02:49:13.546942	90.3225806451613	False
2020-02-07 02:51:13.573033	88.17204301075269	False
2020-02-07 02:53:13.680553	86.02150537634408	False
2020-02-07 02:55:13.790225	84.94623655913979	False
2020-02-07 02:57:13.898018	82.79569892473118	False
2020-02-07 02:59:14.005149	80.64516129032258	False
2020-02-07 03:01:14.114771	79.56989247311827	False
2020-02-07 03:03:14.222628	77.41935483870968	False
2020-02-07 03:05:14.327780	75.26881720430107	False
2020-02-07 03:07:14.437957	74.19354838709677	False
2020-02-07 03:09:14.545695	72.04301075268818	False
2020-02-07 03:11:14.652557	69.89247311827957	False
2020-02-07 03:13:14.739533	67.74193548387096	False
2020-02-07 03:15:14.850608	65.59139784946237	False
2020-02-07 03:17:14.960927	63.44086021505376	False
2020-02-07 03:19:15.070094	61.29032258064516	False
2020-02-07 03:21:15.177213	60.215053763440864	False
2020-02-07 03:23:15.284219	58.064516129032256	False
2020-02-07 03:25:15.394032	55.913978494623656	False
2020-02-07 03:27:15.502255	53.763440860215056	False
2020-02-07 03:29:15.610120	51.61290322580645	False
2020-02-07 03:31:15.717911	49.46236559139785	False
2020-02-07 03:33:15.824598	47.31182795698925	False
2020-02-07 03:35:15.932826	45.16129032258065	False
2020-02-07 03:37:16.040808	43.01075268817204	False
2020-02-07 03:39:16.148840	41.935483870967744	False
2020-02-07 03:41:16.257984	39.784946236559136	False
2020-02-07 03:43:16.364615	37.634408602150536	False
2020-02-07 03:45:16.474697	35.483870967741936	False
2020-02-07 03:47:16.581302	33.333333333333336	False
2020-02-07 03:49:16.688634	31.182795698924732	False
2020-02-07 03:51:16.797854	29.032258064516128	False
2020-02-07 03:53:16.905063	26.881720430107528	False
2020-02-07 03:55:17.013512	24.731182795698924	False
2020-02-07 03:57:17.122695	22.580645161290324	False
2020-02-07 03:59:17.229497	20.43010752688172	False
2020-02-07 04:01:17.337347	18.27956989247312	False
2020-02-07 04:03:17.444467	16.129032258064516	False
2020-02-07 04:05:17.553974	12.903225806451612	False
2020-02-07 04:07:17.661115	11.827956989247312	False
2020-02-07 04:09:17.769698	8.602150537634408	False
2020-02-07 04:11:17.877908	6.451612903225806	False
2020-02-07 14:58:14.300885	100.0	False
2020-02-07 15:00:14.329980	100.0	False
2020-02-07 15:05:57.027914	100.0	False
2020-02-07 15:07:57.918331	93.4065934065934	False
2020-02-07 15:09:58.024569	92.3076923076923	False
2020-02-07 15:11:58.037012	91.20879120879121	False
2020-02-07 15:13:58.146910	89.01098901098901	False
2020-02-07 15:15:58.178513	87.91208791208791	False
2020-02-07 15:17:58.285281	86.81318681318682	False
2020-02-07 15:19:58.348015	85.71428571428571	False
2020-02-07 15:21:58.457384	83.51648351648352	False
2020-02-07 15:23:58.482604	82.41758241758242	False
2020-02-07 15:25:58.593247	80.21978021978022	False
2020-02-07 15:27:58.703260	79.12087912087912	False
2020-02-07 15:29:58.813887	78.02197802197803	False
2020-02-07 15:31:58.926266	75.82417582417582	False
2020-02-07 15:33:59.035125	74.72527472527473	False
2020-02-07 15:35:59.050022	73.62637362637362	False
2020-02-07 15:37:59.158005	71.42857142857143	False
2020-02-07 15:39:59.267387	70.32967032967034	False
2020-02-07 15:41:59.282747	69.23076923076923	False
2020-02-07 15:43:59.389150	67.03296703296704	False
2020-02-07 15:45:59.499112	65.93406593406593	False
2020-02-07 15:47:59.609495	63.73626373626374	False
2020-02-07 15:49:59.716627	61.53846153846154	False
2020-02-07 15:58:45.008953	60.43956043956044	False
2020-02-07 16:00:45.043910	58.24175824175824	False
2020-02-07 16:02:45.103266	56.043956043956044	False
2020-02-07 16:04:45.207332	54.94505494505494	False
2020-02-07 16:06:45.315981	52.747252747252745	False
2020-02-07 16:08:45.423314	51.64835164835165	False
2020-02-07 16:10:45.532515	49.45054945054945	False
2020-02-07 16:12:45.640221	48.35164835164835	False
2020-02-07 16:14:45.671928	46.15384615384615	False
2020-02-07 16:16:45.766969	45.05494505494506	False
2020-02-07 16:18:45.862519	42.857142857142854	False
2020-02-07 16:20:45.972342	40.65934065934066	False
2020-02-07 16:22:46.083149	39.56043956043956	False
2020-02-07 16:24:46.191742	37.362637362637365	False
2020-02-07 16:26:46.260440	36.26373626373626	False
2020-02-07 16:28:46.368622	34.065934065934066	False
2020-02-07 16:30:46.478028	32.967032967032964	False
2020-02-07 16:32:47.365890	30.76923076923077	False
2020-02-07 16:34:47.472476	28.571428571428573	False
2020-02-07 16:36:47.582576	27.47252747252747	False
2020-02-07 16:38:47.677414	25.274725274725274	False
2020-02-07 16:40:47.772514	23.076923076923077	False
2020-02-07 16:42:47.882315	21.978021978021978	False
2020-02-07 16:44:47.928057	19.78021978021978	False
2020-02-07 16:46:47.946480	17.582417582417584	False
2020-02-07 16:48:47.956801	16.483516483516482	False
2020-02-07 16:50:48.066746	14.285714285714286	False
2020-02-07 16:52:48.173843	10.989010989010989	False
2020-02-07 16:55:06.390233	0.0	False
2020-02-07 16:59:02.185277	0.0	False
2020-02-07 17:02:15.295143	0.0	True
2020-02-07 17:04:15.327342	4.597701149425287	True
2020-02-07 17:06:15.435140	8.045977011494253	True
2020-02-07 17:08:15.542650	12.64367816091954	True
2020-02-07 17:10:15.646183	17.24137931034483	True
2020-02-07 17:12:16.295354	20.689655172413794	True
2020-02-07 17:14:16.403749	24.137931034482758	True
2020-02-07 17:16:16.484213	28.735632183908045	True
2020-02-07 17:18:16.591704	32.18390804597701	True
2020-02-07 17:20:16.700077	35.632183908045974	True
2020-02-07 17:22:16.808161	39.08045977011494	True
2020-02-07 22:42:35.056826	6.896551724137931	False
2020-02-07 22:47:49.456904	4.597701149425287	False
2020-02-07 22:53:42.222688	3.4482758620689653	False
2020-02-07 22:58:56.661150	0.0	False
2020-02-08 12:04:22.588112	0.0	True
2020-02-08 12:06:22.068147	3.4482758620689653	True
2020-02-08 12:08:22.177391	6.896551724137931	True
2020-02-08 12:10:22.285625	11.494252873563218	True
2020-02-08 12:12:22.394330	14.942528735632184	True
2020-02-08 12:14:22.465267	18.39080459770115	True
2020-02-08 12:16:22.572070	21.839080459770116	True
2020-02-08 12:18:22.616097	26.436781609195403	True
2020-02-08 12:20:22.652498	29.885057471264368	True
2020-02-08 12:22:22.758020	33.333333333333336	True
2020-02-08 12:24:22.847911	36.7816091954023	True
2020-02-08 12:26:22.946170	40.229885057471265	True
2020-02-08 12:28:23.046529	43.67816091954023	True
2020-02-08 12:30:23.147258	47.12643678160919	True
2020-02-08 12:32:23.247931	49.42528735632184	True
2020-02-08 12:34:23.348601	52.87356321839081	True
2020-02-08 12:36:23.366105	55.172413793103445	True
2020-02-08 12:38:23.390599	58.62068965517241	True
2020-02-08 12:40:23.490088	60.91954022988506	True
2020-02-08 12:42:23.590244	63.2183908045977	True
2020-02-08 12:44:23.669185	65.51724137931035	True
2020-02-08 12:46:23.777416	67.816091954023	True
2020-02-08 12:48:23.881073	70.11494252873563	True
2020-02-08 12:50:23.985576	71.26436781609195	True
2020-02-08 12:52:24.092784	73.5632183908046	True
2020-02-08 12:54:24.119290	74.71264367816092	True
2020-02-08 12:56:24.225826	77.01149425287356	True
2020-02-08 12:58:24.334289	78.16091954022988	True
2020-02-08 13:00:24.372866	79.3103448275862	True
2020-02-08 13:02:24.451748	81.60919540229885	True
2020-02-08 13:04:24.560500	82.75862068965517	True
2020-02-08 13:06:24.652640	83.9080459770115	True
2020-02-08 13:08:24.757370	85.05747126436782	True
2020-02-08 13:10:24.848046	86.20689655172414	True
2020-02-08 13:12:24.925979	87.35632183908046	True
2020-02-08 13:14:25.009895	88.50574712643679	True
2020-02-08 13:16:25.116759	88.50574712643679	True
2020-02-08 13:18:25.224058	89.65517241379311	True
2020-02-08 13:20:25.329238	90.80459770114942	True
2020-02-08 13:22:25.436912	90.80459770114942	True
2020-02-08 13:24:25.543991	91.95402298850574	True
2020-02-08 13:26:25.601452	91.95402298850574	True
2020-02-08 13:28:25.705177	93.10344827586206	True
2020-02-08 13:30:25.813168	93.10344827586206	True
2020-02-08 13:32:25.920424	94.25287356321839	True
2020-02-08 13:34:26.025879	94.25287356321839	True
2020-02-08 13:36:26.133291	95.40229885057471	True
2020-02-08 13:38:26.241285	95.40229885057471	True
2020-02-08 13:40:26.345666	96.55172413793103	True
2020-02-08 13:42:26.453268	96.55172413793103	True
2020-02-08 13:44:26.560787	96.55172413793103	True
2020-02-08 13:46:26.664854	97.70114942528735	True
2020-02-08 13:48:26.713968	97.70114942528735	True
2020-02-08 13:50:26.821139	97.70114942528735	True
2020-02-08 13:52:26.916545	97.70114942528735	True
2020-02-08 13:54:27.021066	98.85057471264368	True
2020-02-08 13:56:27.073695	98.85057471264368	True
2020-02-08 13:58:27.100850	98.85057471264368	True
2020-02-08 14:00:27.196056	98.85057471264368	True
2020-02-08 14:02:27.301124	100.0	True
2020-02-08 14:04:27.409225	100.0	True
2020-02-08 14:06:27.516457	100.0	True
2020-02-08 14:08:27.611854	100.0	True
2020-02-08 14:10:27.719966	100.0	True
2020-02-08 14:12:27.825556	100.0	True
2020-02-08 14:14:27.933137	100.0	True
2020-02-08 14:16:28.038250	100.0	True
2020-02-08 14:18:28.145582	100.0	True
2020-02-08 14:20:28.238263	100.0	True
2020-02-08 14:22:28.277137	100.0	True
2020-02-08 14:24:28.341237	100.0	True
2020-02-08 14:26:28.444834	100.0	True
2020-02-08 14:28:28.543709	100.0	True
2020-02-08 14:30:28.641783	100.0	True
2020-02-08 14:32:28.749218	100.0	True
2020-02-08 14:34:28.853465	100.0	True
2020-02-08 14:36:28.958499	100.0	True
2020-02-08 14:38:28.966684	100.0	True
2020-02-08 14:40:29.073439	100.0	True
2020-02-08 14:42:29.180848	100.0	True
2020-02-08 14:44:29.288555	100.0	True
2020-02-08 14:46:29.356835	100.0	True
2020-02-08 14:48:29.462076	100.0	True
2020-02-08 14:50:29.570367	100.0	True
2020-02-08 14:52:29.678525	100.0	True
2020-02-08 14:54:29.785260	100.0	True
2020-02-08 14:56:29.892510	100.0	True
2020-02-08 14:58:29.998459	100.0	True
2020-02-08 15:00:30.104898	100.0	True
2020-02-08 15:02:30.212539	100.0	True
2020-02-08 15:04:30.320242	100.0	True
2020-02-08 15:06:30.427512	100.0	True
2020-02-08 15:08:30.533867	100.0	True
2020-02-08 15:10:30.641688	100.0	True
2020-02-08 15:12:30.749262	100.0	True
2020-02-08 15:14:30.853853	100.0	True
2020-02-08 15:16:30.960966	100.0	True
2020-02-08 15:18:31.057764	100.0	True
2020-02-08 15:20:31.164936	100.0	True
2020-02-08 15:22:31.272678	100.0	True
2020-02-08 15:24:31.379647	100.0	True
2020-02-08 15:26:31.390539	100.0	True
2020-02-08 15:28:31.440497	100.0	True
2020-02-08 15:30:31.532404	100.0	True
2020-02-08 15:32:31.617203	100.0	True
2020-02-08 15:34:31.724275	100.0	True
2020-02-08 15:36:31.831817	100.0	True
2020-02-08 15:38:31.939439	100.0	True
2020-02-08 15:40:32.046302	100.0	True
2020-02-08 15:42:32.089425	100.0	True
2020-02-08 15:44:32.197269	100.0	True
2020-02-08 15:46:32.208149	100.0	True
2020-02-08 15:48:32.312951	100.0	True
2020-02-08 15:50:32.397114	100.0	True
2020-02-08 15:52:32.484759	100.0	True
2020-02-08 15:54:32.589391	100.0	True
2020-02-08 15:56:32.694481	100.0	True
2020-02-08 15:58:32.747525	100.0	True
2020-02-08 16:00:32.830633	100.0	True
2020-02-08 16:02:32.937265	100.0	True
2020-02-08 16:04:33.044912	100.0	True
2020-02-08 16:06:33.152224	100.0	True
2020-02-08 16:08:33.259487	100.0	True
2020-02-08 16:10:33.367110	100.0	True
2020-02-08 16:12:33.440439	100.0	True
2020-02-08 16:14:33.548083	100.0	True
2020-02-08 16:16:33.655615	100.0	True
2020-02-08 16:18:33.763128	100.0	True
2020-02-08 16:20:33.835179	100.0	True
2020-02-08 16:22:33.905258	100.0	True
2020-02-08 16:24:34.012952	100.0	True
2020-02-08 16:26:34.043654	100.0	True
2020-02-08 16:28:34.150876	100.0	True
2020-02-08 16:30:34.258174	100.0	True
2020-02-08 16:32:34.359872	100.0	True
2020-02-08 16:34:34.467105	100.0	True
2020-02-08 16:36:34.572801	100.0	True
2020-02-08 16:38:34.675833	100.0	True
2020-02-08 16:40:34.701466	100.0	True
2020-02-08 16:42:34.729186	100.0	True
2020-02-08 16:44:34.836718	100.0	True
2020-02-08 16:46:34.944013	100.0	True
2020-02-08 16:48:35.013112	100.0	True
2020-02-08 16:50:35.117727	100.0	True
2020-02-08 16:52:35.136075	100.0	True
2020-02-08 16:54:35.243250	100.0	True
2020-02-08 16:56:35.350809	100.0	True
2020-02-08 16:58:35.457838	100.0	True
2020-02-08 17:00:35.565038	100.0	True
2020-02-08 17:02:35.669426	100.0	True
2020-02-08 17:04:35.776439	100.0	True
2020-02-08 17:06:35.883346	100.0	True
2020-02-08 17:08:35.991935	100.0	True
2020-02-08 17:10:36.099271	100.0	True
2020-02-08 17:12:36.206286	100.0	True
2020-02-08 17:14:36.313439	100.0	True
2020-02-08 17:16:36.395593	100.0	True
2020-02-08 17:18:36.503121	100.0	True
2020-02-08 17:20:36.610428	100.0	True
2020-02-08 17:22:36.695211	100.0	True
2020-02-08 17:24:36.739789	100.0	True
2020-02-08 17:26:36.803835	100.0	True
2020-02-08 17:28:36.909096	100.0	True
2020-02-08 17:30:37.016529	100.0	True
2020-02-08 17:32:37.123516	100.0	True
2020-02-08 17:34:37.208964	100.0	True
2020-02-08 17:36:37.271004	100.0	True
2020-02-08 17:38:37.377376	100.0	True
2020-02-08 17:40:37.440232	100.0	True
2020-02-08 17:42:37.530780	100.0	True
2020-02-08 17:44:37.592488	100.0	True
2020-02-08 17:46:37.640659	100.0	True
2020-02-08 17:48:37.652866	100.0	True
2020-02-08 17:50:37.665010	100.0	True
2020-02-08 17:52:37.745940	100.0	True
2020-02-08 17:54:37.849423	100.0	True
2020-02-08 17:56:37.953239	100.0	True
2020-02-08 17:58:38.057468	100.0	True
2020-02-08 18:00:38.161193	100.0	True
2020-02-08 18:02:38.268825	100.0	True
2020-02-08 18:04:38.376481	100.0	True
2020-02-08 18:06:38.481636	100.0	True
2020-02-08 18:08:38.589146	100.0	True
2020-02-08 18:10:38.676778	100.0	True
2020-02-08 18:12:38.783381	100.0	True
2020-02-08 18:14:38.890441	100.0	True
2020-02-08 18:16:38.997929	100.0	True
2020-02-08 18:18:39.021812	100.0	True
2020-02-08 18:20:39.128595	100.0	True
2020-02-08 18:22:39.234467	100.0	True
2020-02-08 18:24:39.342433	100.0	True
2020-02-08 18:26:39.449099	100.0	True
2020-02-08 18:28:39.514544	100.0	True
2020-02-08 18:30:39.617340	100.0	True
2020-02-08 18:32:39.629103	100.0	True
2020-02-08 18:34:39.667823	100.0	True
2020-02-08 18:36:39.692640	100.0	True
2020-02-08 18:38:39.800186	100.0	False
2020-02-08 18:40:39.908134	100.0	False
2020-02-08 20:49:05.313481	93.10344827586206	False
2020-02-08 20:51:05.423387	91.95402298850574	False
2020-02-08 20:53:05.502085	89.65517241379311	False
2020-02-08 20:55:05.611617	88.50574712643679	False
2020-02-08 20:57:05.721516	87.35632183908046	False
2020-02-08 20:59:05.829264	86.20689655172414	False
2020-02-08 21:01:05.938817	83.9080459770115	False
2020-02-08 21:03:06.030569	82.75862068965517	False
2020-02-08 21:05:06.122892	81.60919540229885	False
2020-02-08 21:07:06.134321	80.45977011494253	False
2020-02-08 21:09:06.242710	78.16091954022988	False
2020-02-08 21:11:06.287767	77.01149425287356	False
2020-02-08 21:13:06.397166	77.01149425287356	False
2020-02-08 21:15:06.506073	75.86206896551724	False
2020-02-08 21:17:06.615605	73.5632183908046	False
2020-02-08 21:19:06.725246	72.41379310344827	False
2020-02-08 21:21:06.796664	71.26436781609195	False
2020-02-08 21:23:07.691268	68.96551724137932	False
2020-02-08 21:25:07.800976	67.816091954023	False
2020-02-08 21:27:07.908332	65.51724137931035	False
2020-02-08 21:29:07.926677	64.36781609195403	False
2020-02-08 21:31:08.035807	63.2183908045977	False
2020-02-08 21:33:08.145251	60.91954022988506	False
2020-02-08 21:35:08.255084	59.770114942528735	False
2020-02-08 21:37:08.365649	58.62068965517241	False
2020-02-08 21:39:08.473081	56.32183908045977	False
2020-02-08 21:41:08.583007	55.172413793103445	False
2020-02-08 21:43:08.693372	54.02298850574713	False
2020-02-08 21:45:08.802166	52.87356321839081	False
2020-02-08 21:47:08.911960	51.724137931034484	False
2020-02-08 21:49:09.021359	50.57471264367816	False
2020-02-08 21:51:09.130668	49.42528735632184	False
2020-02-08 21:53:09.240561	49.42528735632184	False
2020-02-08 21:55:09.350434	48.275862068965516	False
2020-02-08 21:57:09.449606	47.12643678160919	False
2020-02-08 22:15:33.217239	44.827586206896555	False
2020-02-08 22:17:33.325821	42.52873563218391	False
2020-02-09 14:00:39.191357	100.0	False
2020-02-10 12:19:46.644055	83.9080459770115	False
2020-02-10 12:21:46.755162	82.75862068965517	False
2020-02-10 12:23:46.863012	80.45977011494253	False
2020-02-10 12:25:46.973266	79.3103448275862	False
2020-02-10 12:27:47.078760	77.01149425287356	False
2020-02-10 12:29:46.782737	74.71264367816092	False
2020-02-10 12:31:46.856088	72.41379310344827	False
2020-02-10 12:33:46.923998	71.26436781609195	False
2020-02-10 12:51:00.560657	70.11494252873563	False
2020-02-10 12:53:00.157751	67.816091954023	False
2020-02-10 12:55:00.265066	66.66666666666667	False
2020-02-10 12:57:13.824062	64.36781609195403	False
2020-02-10 12:59:14.400858	63.2183908045977	False
2020-02-10 13:01:14.478061	62.06896551724138	False
2020-02-10 13:03:14.510119	59.770114942528735	False
2020-02-10 13:05:14.616533	62.06896551724138	True
2020-02-10 13:07:14.722129	65.51724137931035	True
2020-02-10 13:09:14.829237	68.96551724137932	True
2020-02-10 13:11:14.936645	71.26436781609195	True
2020-02-10 13:13:15.000293	73.5632183908046	True
2020-02-10 15:40:25.617071	98.85057471264368	False
2020-02-10 15:42:25.726839	98.85057471264368	False
2020-02-10 15:44:25.836826	98.85057471264368	False
2020-02-10 15:46:25.946233	97.70114942528735	False
2020-02-12 11:17:30.347850	75.86206896551724	False
2020-02-12 11:19:28.916141	78.16091954022988	True
2020-02-12 11:21:28.998726	80.45977011494253	True
2020-02-12 11:23:29.041966	81.60919540229885	True
2020-02-12 11:25:29.149989	83.9080459770115	True
2020-02-12 11:27:29.214542	85.05747126436782	True
2020-02-12 11:29:29.320545	86.20689655172414	True
2020-02-12 11:36:32.359066	90.80459770114942	True
2020-02-12 11:38:32.413183	91.95402298850574	True
2020-02-12 11:40:32.520001	93.10344827586206	True
2020-02-12 11:42:32.590224	94.25287356321839	True
2020-02-12 11:44:32.697958	95.40229885057471	True
2020-02-12 11:46:32.769239	96.55172413793103	True
2020-02-12 12:05:15.341044	98.85057471264368	False
2020-02-12 12:07:15.396977	97.70114942528735	False
2020-02-12 12:09:15.502551	95.40229885057471	False
2020-02-12 12:11:15.609591	94.25287356321839	False
2020-02-12 12:13:15.710692	91.95402298850574	False
2020-02-12 12:15:15.729649	90.80459770114942	False
2020-02-12 12:17:15.742556	88.50574712643679	False
2020-02-12 12:19:15.771169	87.35632183908046	False
2020-02-12 12:21:15.879038	86.20689655172414	False
2020-02-12 12:23:15.988485	83.9080459770115	False
2020-02-12 12:25:16.063842	82.75862068965517	False
2020-02-12 12:37:34.178044	81.60919540229885	False
2020-02-12 12:39:34.290827	80.45977011494253	False
